FileName,Model,Color,Background,Inside/outside,Type,Audience 1,Audience 2
2012_Ford_Fiesta_1.6L_Sport_in_Cyberjaya2C_Malaysia_280229,fiesta,white,street,outside,hatchback,none,none
2013_Ford_Fiesta_Sport_1.5L_in_Cyberjaya2C_Malaysia_280129,fiesta,white,street,outside,hatchback,none,none
2013_Ford_Fiesta_Sport_1.5L_in_Cyberjaya2C_Malaysia_280329,fiesta,white,street,outside,hatchback,none,none
2016_Ford_Fiesta_Base_TDCi_1.5_Front,fiesta,white,street,outside,hatchback,none,none
2018_Ford_Fiesta_Active_Front,fiesta,white,street,outside,hatchback,none,none
2018_Ford_Fiesta_Active_Rear,fiesta,white,street,outside,hatchback,none,none
11213419653_13faea93c5_b,fiesta,white,street,outside,hatchback,none,none
26247140386_cf75941f8d_b,fiesta,white,street,outside,hatchback,none,none
26667835007_f39be35c7e_b,fiesta,white,plain,outside,hatchback,none,none
31368371308_0014ed1931_b,fiesta,white,plain,outside,hatchback,none,none
Ford_Fiesta_1.0_EcoBoost_28129,fiesta,white,street,outside,hatchback,none,none
Ford_Fiesta_1.6_SE_Sedan_2012_281518053320129,fiesta,white,street,outside,sedan,none,none
Ford_Fiesta_1.6_SE_Sedan_2013_28934507802529,fiesta,white,street,outside,sedan,none,none
Ford_Fiesta_MK_VI_28seit_200829_front_MJ,fiesta,white,street,outside,hatchback,none,none
Ford_Fiesta_MK7,fiesta,white,street,outside,hatchback,none,none
Ford_Fiesta_Mk7_28seit_200829_front_MJ.JPG,fiesta,white,street,outside,hatchback,none,none
Ford_Fiesta_sedan_USDM,fiesta,white,street,outside,sedan,none,none
Ford_Fiesta_Sport.JPG,fiesta,white,plain,outside,hatchback,none,none
Ford_Fiesta_Sport_Heck.JPG,fiesta,white,people on backgrounds,outside,hatchback,none,none
Ford_Fiesta_ST_front_20080110,fiesta,white,street,outside,hatchback,none,none
Ford_Fiesta_VI_hatch_facelift_01_China_2016-04-12,fiesta,white,street,outside,hatchback,none,none
Ford_Fiesta_Zetec_S,fiesta,white,street,outside,hatchback,none,none
rally-catalunya-ford-focus-wrc-wallpaper-preview,fiesta,white,nature,outside,hatchback,"man, woman and child",different
rally-catalunya-wrc-output-stretch-thumbnail,fiesta,white,street,outside,hatchback,men,young
Rally-Gravel-Sweden-Championship-Ford-Fiesta-Wrc-4714397,fiesta,white,nature,outside,hatchback,none,none
rally-race-car-speed-thumbnail,fiesta,white,nature,outside,hatchback,none,none
robert-kubica-rally-poland-2014-m-sport-ford-preview,fiesta,white,nature,outside,hatchback,none,none
The_frontview_of_Ford_Fiesta_Mk_VII_1.0_ECOBOOST.JPG,fiesta,white,street,outside,hatchback,none,none
6a8d2200cccc0e1ee405879de4fd5d2b,fiesta,red,street,outside,hatchback,none,none
2013_Ford_Fiesta_28WZ29_Ambiente_5-door_hatchback_282018-08-0629_01,fiesta,red,street,outside,hatchback,none,none
2013_Ford_Fiesta_28WZ29_Ambiente_5-door_hatchback_282018-08-0629_02,fiesta,red,street,outside,hatchback,none,none
2013_Ford_Fiesta_ST_281386972160329,fiesta,red,street,outside,hatchback,none,none
2014_Ford_Fiesta_ST_28840300919929_28cropped29,fiesta,red,in a building,outside,hatchback,man,young
2014_Ford_Fiesta_Titanium_X_EcoBoost_1.0_Front,fiesta,red,street,outside,hatchback,none,none
2014_Ford_Fiesta_Titanium_X_EcoBoost_1.0_Rear,fiesta,red,street,outside,hatchback,none,none
2017_Ford_Fiesta_ST-Line_1.0,fiesta,red,street,outside,hatchback,none,none
2018_Ford_Fiesta_Active_X_Turbo_1.0_Front,fiesta,red,street,outside,hatchback,none,none
2018_Ford_Fiesta_Active_X_Turbo_1.0_Rear,fiesta,red,street,outside,hatchback,none,none
2018_Ford_Fiesta_ST-3,fiesta,red,street,outside,hatchback,none,none
2266937994_c150b797bd_c,fiesta,red,plain,outside,hatchback,none,none
3554902608_0cbf7ca05e_b,fiesta,red,street,outside,hatchback,none,none
3554908446_e84e0569f5_b,fiesta,red,street,outside,hatchback,none,none
4552644708_e8dc313fc9_b,fiesta,red,in a building,outside,hatchback,man and woman,different
9645592402_0720b5bc95_z,fiesta,red,street,outside,sedan,none,none
14425336387_8928176f7a_b,fiesta,red,in a building,outside,hatchback,none,none
14631728933_6e7720622c_b,fiesta,red,in a building,outside,hatchback,none,none
27890507238_d982683454_b,fiesta,red,plain,outside,hatchback,none,none
29329700167_400f18a21f_b,fiesta,red,in a building,outside,hatchback,none,none
30398920738_e2fa6da794_b,fiesta,red,street,outside,hatchback,none,none
41300189144_447bb6a8f3_b,fiesta,red,street,outside,hatchback,none,none
48939435731_75508079df_b,fiesta,red,street,outside,hatchback,none,none
car-3319816_1280,fiesta,red,street,outside,hatchback,none,none
Ford_Fiesta_-_Mondial_de_l27Automobile_de_Paris_2012_-_003,fiesta,red,in a building,outside,hatchback,none,none
Ford_Fiesta_-_Mondial_de_l27Automobile_de_Paris_2012_-_004,fiesta,red,in a building,outside,hatchback,none,none
Ford_Fiesta_2017_Back,fiesta,red,in a building,outside,hatchback,none,none
Ford_Fiesta_2017_Hatchback,fiesta,red,in a building,outside,hatchback,none,none
Ford_Fiesta_2018,fiesta,red,street,outside,hatchback,none,none
Ford_Fiesta_28614633171329,fiesta,red,in a building,outside,hatchback,none,none
Ford_Fiesta_Red_28MSP1529.JPG,fiesta,red,in a building,outside,hatchback,woman,young
Ford_Fiesta_ST_-_CIAS_2012_28693395144529,fiesta,red,in a building,outside,hatchback,none,none
Ford_Fiesta_ST_-_Mondial_de_l27Automobile_de_Paris_2014_-_003,fiesta,red,in a building,outside,hatchback,men,different
Ford_Fiesta_ST_28MSP1529.JPG,fiesta,red,in a building,outside,hatchback,none,none
Ford_Fiesta_ST_28991371188629,fiesta,red,nature,outside,hatchback,none,none
Ford_Fiesta_ST_at_NAIAS_2012_28668378671729,fiesta,red,in a building,outside,hatchback,none,none
Ford_Fiesta_ST_MS-RT_2018_at_Legendy_2018_in_Prague,fiesta,red,nature,outside,hatchback,man and woman,young
ford-3577591_1280,fiesta,red,street,outside,hatchback,none,none
ford-fiesta-5567676_1280,fiesta,red,nature,outside,hatchback,none,none
2016_Ford_Fiesta_Sedan_1.4L_front_6.15.18,fiesta,black,street,outside,sedan,none,none
2016_Ford_Fiesta_ST2C_Kona_Blue2C_rear_left,fiesta,blue,street,outside,hatchback,none,none
2017_Ford_Fiesta_ST-3_Turbo_1.6_Front,fiesta,black,street,outside,hatchback,none,none
2017_Ford_Fiesta_ST-3_Turbo_1.6_Rear,fiesta,black,street,outside,hatchback,none,none
2017_Ford_Fiesta_Titanium_Turbo_1.0_Front,fiesta,black,street,outside,hatchback,none,none
2018_Ford_Fiesta_Vignale_Front,fiesta,black,street,outside,hatchback,none,none
2019-06-26-13-15-10,fiesta,black,plain,outside,hatchback,none,none
10317316285_b385db1a67_b,fiesta,black,street,outside,hatchback,none,none
40031529175_837290cd56_b,fiesta,black,plain,outside,hatchback,none,none
41940057352_620c74e791_b,fiesta,black,street,outside,hatchback,none,none
CDMX_Ford_Fiesta_170517A,fiesta,black,street,outside,sedan,none,none
Ford_Fiesta_Active_Monrepos_2018_IMG_0056,fiesta,black,nature,outside,hatchback,none,none
Ford_Fiesta_MK_VII,fiesta,blue,street,outside,hatchback,none,none
Ford_Fiesta_Mk6_Trend_Pantherschwarz,fiesta,black,street,outside,hatchback,none,none
Ford_Fiesta_Mk6_Trend_Pantherschwarz_Heck,fiesta,black,street,outside,hatchback,none,none
Ford_Fiesta_MK7_Hybrid_at_IAA_2019_IMG_0416,fiesta,black,in a building,outside,hatchback,man,elderly
Ford_Fiesta_MK7_rear.JPG,fiesta,black,street,outside,hatchback,none,none
Ford_Fiesta_VI_hatch_China_2012-04-08,fiesta,black,street,outside,hatchback,none,none
Ford_Ka_Mk2_Discoschwarz.JPG,fiesta,black,street,outside,hatchback,none,none
ford-5067886_1280,fiesta,black,street,outside,hatchback,none,none
2009_Ford_Fiesta_Base_TDCi_68_Van_1.4_Front_28129,fiesta,blue,street,outside,hatchback,none,none
2009_Ford_Fiesta_Base_TDCi_68_Van_1.4_Rear_28129,fiesta,blue,street,outside,hatchback,none,none
2014_Ford_Fiesta_1.5L_Sport_in_Cyberjaya2C_Malaysia_280129,fiesta,blue,street,outside,hatchback,none,none
2014_Ford_Fiesta_1.5L_Sport_in_Cyberjaya2C_Malaysia_280229,fiesta,blue,street,outside,hatchback,none,none
2014_Ford_Fiesta_Trend_-_Winning_Blue_281500722295429,fiesta,blue,street,outside,hatchback,none,none
2017_Ford_Fiesta_Zetec_Turbo_1.0_Rear,fiesta,blue,street,outside,hatchback,none,none
2018_Ford_Fiesta_SE_hatchback_in_Blue2C_front_left2,fiesta,blue,nature,outside,hatchback,none,none
2018_Ford_Fiesta_SE_hatchback_in_Blue2C_front_right,fiesta,blue,nature,outside,hatchback,none,none
2018_Ford_Fiesta_SE_hatchback_in_Blue2C_rear_right,fiesta,blue,nature,outside,hatchback,none,none
2018_Ford_Fiesta_ST_282465179219829,fiesta,blue,in a building,outside,hatchback,man and woman,young
2018_Ford_Fiesta_ST-2_Turbo_1.5_Front_28129,fiesta,blue,street,outside,hatchback,none,none
17462386340_b0320ccff1_b,fiesta,blue,street,outside,sedan,none,none
38468024506_dfcb646e66_b,fiesta,blue,in a building,outside,hatchback,none,none
39539299352_6ac16de1d6_b,fiesta,blue,street,outside,hatchback,none,none
45187411644_cc918f1385_b,fiesta,blue,plain,outside,hatchback,none,none
ack-race-car-ford-land-vehicle-ford-fiesta-automobile-make-supermini-1330692,fiesta,blue,nature,outside,hatchback,women,elderly
Ford_Fiesta_-_Mondial_de_l27Automobile_de_Paris_2012_-_001,fiesta,blue,in a building,outside,hatchback,none,none
Ford_Fiesta_-_Mondial_de_l27Automobile_de_Paris_2012_-_002,fiesta,blue,in a building,outside,hatchback,none,none
Ford_Fiesta_facelift_28front29.JPG,fiesta,blue,in a building,outside,hatchback,none,none
Ford_Fiesta_facelift_28side29.JPG,fiesta,blue,in a building,outside,hatchback,none,none
Ford_Fiesta_MK7_28200829_front.JPG,fiesta,blue,street,outside,hatchback,none,none
Ford_Fiesta_ST_281622826711029,fiesta,blue,street,outside,hatchback,none,none
Ford_Fiesta_ST_Genf_2018,fiesta,blue,in a building,outside,hatchback,none,none
Ford_Fiesta_VI_hatch_China_2012-05-26.JPG,fiesta,blue,street,outside,hatchback,none,none
Ford_Fiesta_VI_hatch_facelift_China_2014-04-20,fiesta,blue,street,outside,hatchback,none,none
Ford_Fiesta_VI_sedan_China_2012-05-26.JPG,fiesta,blue,street,outside,sedan,none,none
Ford_Fista_28200829_MK6_Trend_5-TC3BCrer_front-1,fiesta,blue,street,outside,hatchback,none,none
ford-4771408_1280,fiesta,blue,street,outside,hatchback,none,none
ford-fiesta-st-3160717_1280,fiesta,blue,street,outside,hatchback,man,young
itanium_28VII2C_Facelift29_E28093_Frontansicht2C_2._Mai_20152C_DC3BCsseldorf,fiesta,blue,street,outside,hatchback,none,none
2013-2014_Ford_Focus_28LW_II29_Trend_hatchback_282017-01-2229_01,focus,white,street,outside,hatchback,none,none
2013-2014_Ford_Focus_28LW_II29_Trend_hatchback_282017-01-2229_02,focus,white,street,outside,hatchback,none,none
2017_Ford_Focus_28LZ29_Trend_sedan_282018-03-2329,focus,white,street,outside,sedan,man and woman,elderly
2018_Ford_Focus_ST_in_Oxford_White2C_Front_Right2C_12-02-2021,focus,white,street,outside,hatchback,none,none
2019_Ford_Focus_Active_Ecoboost_1.0_Front,focus,white,street,outside,hatchback,man,young
42125301145_44cc12244a_b,focus,white,street,outside,hatchback,none,none
50075844823_e9b866811a_b,focus,white,street,outside,hatchback,none,none
auto-ford-vehicle-pkw-thumbnail,focus,white,mountains,outside,hatchback,none,none
Ford_Focus_2.0_SE_2016_284485265687129,focus,white,street,outside,hatchback,man,young
Ford_Focus_2.0_SE_Sedan_2013_281965383367029,focus,white,street,outside,sedan,none,none
Ford_Focus_front_20080409,focus,white,street,outside,hatchback,none,none
Ford_Focus_III_hatch_China_2016-04-08,focus,white,street,outside,hatchback,none,none
Ford_Focus_IV_sedan_02_China_2019-03-25,focus,white,street,outside,sedan,none,none
Ford_Focus_MK4_sedan_001,focus,white,in a building,outside,sedan,men and woman,young
Ford_Focus_RS_-_Flickr_-_Alexandre_PrC3A9vot_28129,focus,white,street,outside,hatchback,none,none
Ford_Focus_RS_-_Flickr_-_Supermac1961_28229,focus,white,street,outside,hatchback,none,none
Ford_Focus_Trend_28III29_E28093_Frontansicht2C_17._September_20112C_Ratingen,focus,white,street,outside,hatchback,none,none
ford-4827727_1280,focus,white,street,outside,hatchback,none,none
2014_Ford_Focus_28LW_II29_Sport_hatchback_282018-10-3029_01,focus,red,street,outside,hatchback,none,none
2014_Ford_Focus_28LW_II29_Sport_hatchback_282018-10-3029_02,focus,red,street,outside,hatchback,none,none
2017_Ford_Focus_ST-Line_TDCi_1.5,focus,red,street,outside,hatchback,none,none
2018_Ford_Focus_ST-Line_in_Ruby_Red,focus,red,street,outside,hatchback,none,none
2018_Ford_Focus_ST-Line_TDCi_1.5_Rear,focus,red,street,outside,hatchback,none,none
2019-04-10-08-55-35-1200x800,focus,red,street,outside,hatchback,none,none
2019-04-10-08-56-27-550x413,focus,red,street,outside,hatchback,none,none
5001157_007fbef8,focus,red,street,outside,hatchback,none,none
6361618985_fe5b773ca1_b,focus,red,street,outside,hatchback,none,none
8242921952_0ea6a40f9b_b,focus,red,nature,outside,hatchback,none,none
9269290104_991d7126eb_b,focus,red,street,outside,hatchback,none,none
15288605228_63299695cd_z,focus,red,nature,outside,hatchback,none,none
16730803973_4e032982b8_b,focus,red,street,outside,hatchback,none,none
17143620067_9a438f91f3_b,focus,red,street,outside,hatchback,none,none
23848840258_fd0cb4060e_b,focus,red,nature,outside,hatchback,none,none
24283312873_a0f525a585_b,focus,red,street,outside,hatchback,none,none
39308111170_c1fae8bfcf_b,focus,red,plain,outside,hatchback,none,none
automotive-5499392_1280,focus,red,street,outside,hatchback,none,none
denver_auto_show11,focus,red,in a building,outside,hatchback,none,none
Ford_Focus_-_Mondial_de_l27Automobile_de_Paris_2014_-_008,focus,red,in a building,outside,hatchback,none,none
Ford_Focus_1.6_TDCi_Titanium_28III29_E28093_Frontansicht2C_14._Juni_20112C_Mettmann,focus,red,street,outside,hatchback,none,none
Ford_Focus_28fourth_generation29_hatch,focus,red,in a building,outside,hatchback,none,none
Ford_Focus_Break,focus,red,in a building,outside,hatchback,man and woman,young
Ford_Focus_II_hatch_facelift_China_2012-04-28,focus,red,in a building,outside,hatchback,none,none
Ford_Focus_IV_sedan_ST_Line_01_China_2019-03-25,focus,red,street,outside,sedan,none,none
Ford_FOCUS_Sport_28ABA-MPBMGD29_front,focus,red,street,outside,hatchback,none,none
Ford_Focus_SW2C_Ruby_Red_Metallic_2014.JPG,focus,red,street,outside,hatchback,none,none
2015_Ford_Focus_Titanium_Hatchback_1.0_Front,focus,blue,nature,outside,sedan,none,none
2015_Ford_Focus_Titanium_X_EcoBoost_1.0,focus,blue,street,outside,hatchback,none,none
2016_Ford_Focus_MkIII_RS_282993342353029,focus,blue,street,outside,hatchback,man,young
2017_Ford_Focus_28LZ29_RS_hatchback_282018-08-3129_02,focus,blue,street,outside,hatchback,none,none
2017_Ford_Focus_Titanium_EcoBoost_1.0_Front,focus,blue,street,outside,hatchback,none,none
2017_Ford_Focus_Titanium_EcoBoost_1.0_Rear,focus,blue,street,outside,hatchback,none,none
2018_Ford_Focus_ST-Line_EcoBoost_1.0,focus,blue,street,outside,hatchback,none,none
2018_Ford_Focus_ST-Line_EcoBoost_1.0_28129,focus,blue,street,outside,hatchback,none,none
2018_Ford_Focus_ST-Line_X_1.0,focus,blue,street,outside,hatchback,none,none
2018_Ford_Focus_ST-Line_X_EcoBoost_1.0,focus,blue,street,outside,hatchback,none,none
2018_Ford_Focus_Titanium_EcoBoost_1.0_Front,focus,blue,street,outside,hatchback,none,none
2019_Ford_Focus_Active_Ecoboost_1.0_Rear,focus,blue,street,outside,hatchback,none,none
2019_Ford_Focus_Zetec_1.0,focus,blue,street,outside,hatchback,none,none
8431592489_b2394be3bc_b,focus,blue,street,outside,hatchback,man,young
13034019454_666de6c8c3_b,focus,blue,street,outside,hatchback,none,none
16262018789_100b31c096_b,focus,blue,in a building,outside,hatchback,none,none
24606637525_f9a4562543_b,focus,blue,in a building,outside,hatchback,man,young
24884111786_85606b6394_b,focus,blue,sea,outside,hatchback,none,none
26281235730_f29321ea53_b,focus,blue,street,outside,hatchback,none,none
26554115335_39f100050e_b,focus,blue,nature,outside,hatchback,none,none
27599641937_1e2109db30_b,focus,blue,street,outside,hatchback,none,none
38438940542_40319df2b3_b,focus,blue,in a building,outside,hatchback,none,none
38845770284_73a1614e79_b,focus,blue,plain,outside,hatchback,none,none
43582421502_ebaae1bbe5_b,focus,blue,street,outside,hatchback,none,none
43582421932_c4b67c34f4_b,focus,blue,street,outside,hatchback,none,none
49232260528_9745d15bf1_b,focus,blue,nature,outside,hatchback,none,none
49232262163_10088d7b42_b,focus,blue,nature,outside,hatchback,none,none
49232724586_8b7b279845_b,focus,blue,nature,outside,hatchback,none,none
49232950082_4ab0a18131_b,focus,blue,nature,outside,hatchback,none,none
49232950322_96676f954f_b,focus,blue,nature,outside,hatchback,none,none
blue-ford-fiesta-5-door-hatchback-thumbnail,focus,blue,nature,outside,hatchback,none,none
e-design-luxury-vehicle-performance-car-full-size-car-world-rally-car-168491,focus,blue,street,outside,hatchback,none,none
Ford_Focus_Mk_IV_Hybrid_at_IAA_2019_IMG_0413,focus,blue,in a building,outside,hatchback,none,none
Ford_Focus_Monrepos_2018_IMG_0116,focus,blue,nature,outside,hatchback,none,none
Ford_Focus_RS_Mk_II_Performance_Blue_001,focus,blue,plain,outside,hatchback,none,none
Ford_Focus_RS_Mk_II_Performance_Blue_002,focus,blue,plain,outside,hatchback,none,none
Ford_Focus_RS_Mk_II_Performance_Blue_003,focus,blue,plain,outside,hatchback,none,none
Ford_Focus_RS_Mk_III_2015-03-27_002_28cropped29,focus,blue,street,outside,hatchback,none,none
Ford_Focus_RS_Mk_III_als_Rallye_Besucher,focus,blue,nature,outside,hatchback,none,none
ford-4771408_1280,focus,blue,street,outside,hatchback,none,none
ford-5167838_1280,focus,blue,street,outside,hatchback,none,none
ford-rs-motor-automotive-thumbnail,focus,blue,nature,outside,hatchback,none,none
Rs-New-Car-Shiny-Clean-Wheel-Ford-Fast-Blue-2347869,focus,blue,street,outside,hatchback,none,none
2015_Ford_Focus_S2C_Front_Left2C_08-21-2020,focus,black,nature,outside,sedan,none,none
2015_Ford_Focus_S2C_Front_Right2C_05-16-2020,focus,black,street,outside,sedan,none,none
2019_Ford_Focus_ST_EcoBlue_2.0_Front,focus,black,street,outside,hatchback,none,none
4754064218_243040c562_b,focus,black,mountains,outside,hatchback,none,none
4858340423_aa086281e1_b,focus,black,street,outside,hatchback,woman,young
44905798352_3f7cc8a000_b,focus,black,plain,outside,hatchback,none,none
Ford_Focus_2.0_Titanium_28II2C_Facelift29_E28093_Frontansicht2C_18._Mai_20122C_Mettmann,focus,black,street,outside,hatchback,none,none
Ford_Focus_RS_2018_283961131248029,focus,black,in a building,outside,hatchback,none,none
Ford_Focus_RS500_-_Flickr_-_Supermac1961,focus,black,street,outside,hatchback,man,young
Ford_Focus_Turnier_ST_Mk_IV_IMG_5412,focus,black,street,outside,hatchback,none,none
Ford_Focus_Wagon_MkIII_EU,focus,black,street,outside,hatchback,none,none
ford-car-focus-automotive,focus,black,street,outside,hatchback,none,none
icle-automobile-make-automotive-exterior-luxury-vehicle-executive-car-284920,focus,grey,street,outside,hatchback,none,none
ord-focus-auto-part-personal-luxury-car-crossover-suv-metal-city-car-1531183,focus,grey,street,outside,hatchback,none,none
r-cardealer-land-vehicle-ford-focus-automobile-make-automotive-design-286269,focus,grey,street,outside,hatchback,none,none
The_rearview_of_Ford_Focus_III_Sports.JPG,focus,black,street,outside,hatchback,none,none
2008_Ford_Mustang_Shelby_GT500_281631542807229,mustang,white,street,outside,coupe,men and woman,different
2018-11-27-15-44-44,mustang,white,nature,outside,coupe,none,none
14263220367_3fc6e2eef9_b,mustang,white,street,outside,coupe,none,none
29732987504_996f7ba91e_b,mustang,white,nature,outside,coupe,none,none
40235510225_af3597077f_b,mustang,white,street,outside,coupe,none,none
40235511135_bbed188fa7_b,mustang,white,street,outside,coupe,none,none
40235511915_89458d6a53_b,mustang,white,street,outside,coupe,none,none
automotive-exterior-automotive-design-luxury-vehicle-performance-car-1054651,mustang,white,plain,outside,coupe,none,none
Autoshow-Fast-Ford-Auto-Mustang-Vehicle-Car-1341575,mustang,white,nature,outside,coupe,none,none
car-auto-ford-mustang-thumbnail,mustang,white,street,outside,coupe,none,none
car-vehicle-transportation-automobile,mustang,white,mountains,outside,cabrio,none,none
Ford_Mustang_EcoBoost_20172C_Bangladesh._283598134474029,mustang,white,street,outside,coupe,none,none
Ford_Mustang_white_2017,mustang,white,street,outside,coupe,none,none
Ford_Mustang2C_Zurich_01,mustang,white,street,outside,cabrio,none,none
Ford_Mustang2C_Zurich_04,mustang,white,street,outside,cabrio,none,none
ford-ford-mustang-usa,mustang,white,street,outside,coupe,none,none
ford-mustang-50-car-1619283759M90,mustang,white,street,outside,coupe,none,none
ford-mustang-1342903120qe2,mustang,white,street,outside,coupe,none,none
italy-bosco-chiesanuova-naturepark-lessin-mustang-white-thumbnail,mustang,white,nature,outside,coupe,none,none
mustang-6604190_1280,mustang,white,street,outside,coupe,none,none
White_Ford_Mustang_GT_5.0_28front29_2015,mustang,white,street,outside,coupe,none,none
White_Ford_Mustang_GT_5.0_28rear29_2015,mustang,white,street,outside,coupe,none,none
White_Ford_Mustang_VI_fr,mustang,white,street,outside,coupe,none,none
2014_Mustang_Premium_Coupe_in_Deep_Impact_Blue_with_Pony_Package_3.JPG,mustang,blue,street,outside,coupe,none,none
2014_Mustang_Premium_Coupe_in_Deep_Impact_Blue_with_Pony_Package_4.JPG,mustang,blue,street,outside,coupe,none,none
2018_Ford_Mustang_GT_V8_5.0_facelift_Front,mustang,blue,street,outside,coupe,none,none
2018_Ford_Mustang_GT_V8_5.0_facelift_Front_28129,mustang,blue,street,outside,coupe,none,none
2019_Ford_Mustang_GT_5.0_facelift,mustang,blue,street,outside,coupe,none,none
14438764121_f432952c96_b,mustang,blue,street,outside,coupe,none,none
41130658861_ef0b07b9c4_b,mustang,blue,street,outside,coupe,none,none
49808624426_b7e4503d54_b,mustang,blue,nature,outside,coupe,man and woman,young
50140084726_8e36d3a2d8_b,mustang,blue,street,outside,coupe,none,none
filming-dji-ronin-gimbal,mustang,blue,street,outside,coupe,man,young
Ford_Mustang_Cabrio_V8_Heckansicht,mustang,blue,street,outside,cabrio,none,none
Ford_Mustang_GT_284120805288029,mustang,blue,nature,outside,coupe,none,none
Ford_Mustang_GT_284301834356129,mustang,blue,nature,outside,coupe,none,none
Ford_Mustang_GT_Bleu_5.0-litre_V8_-_Free_Car_Picture_-_Give_Credit_Via_Link,mustang,blue,nature,outside,coupe,none,none
Ford_Mustang_VI2C_blue2C_rear,mustang,blue,street,outside,coupe,none,none
ford-mustang-50-car-1620923287CJu,mustang,blue,street,outside,coupe,none,none
ford-mustang-50-car-1620923515twk,mustang,blue,street,outside,coupe,none,none
ford-mustang-50-car-1620923588Vkn,mustang,blue,street,outside,coupe,none,none
ford-mustang-50-car-16209231193nZ,mustang,blue,street,outside,coupe,none,none
Mustang_en_Baku2C_AzerbaiyC3A1n2C_2016-09-262C_DD_136,mustang,blue,street,outside,coupe,none,none
2007_Ford_Mustang_GT_28522930270529,mustang,red,street,outside,coupe,none,none
2017_Ford_Mustang_Automatic_2.3_28Modified29,mustang,red,street,outside,coupe,none,none
2017_Ford_Mustang_EcoBoost_2.3_Front,mustang,red,street,outside,coupe,none,none
2017_Ford_Mustang_EcoBoost_2.3_Rear,mustang,red,street,outside,coupe,none,none
2017-08-20-10-00-14-550x367,mustang,red,street,outside,coupe,none,none
2019_Ford_Mustang_5.0_Front,mustang,red,street,outside,coupe,none,none
14255523818_3f77d64989_b,mustang,red,street,outside,coupe,none,none
28968047393_6ede350bf5_b,mustang,red,street,outside,coupe,none,none
32573398127_6fefa5da62_b,mustang,red,street,outside,coupe,none,none
40641134825_7b866a726e_b,mustang,red,street,outside,coupe,none,none
49890482222_c114aa9289_b,mustang,red,nature,outside,coupe,man,elderly
51011971800_3f33dd5eeb_b,mustang,red,street,outside,coupe,none,none
automobile-vehicle-transportation-car-thumbnail,mustang,red,street,outside,coupe,none,none
Auto-Red-Gt-Car-Design-Usa-Mustang-Transport-2338391,mustang,red,street,outside,coupe,none,none
car-mustang-red-automobile-preview,mustang,red,in a building,outside,coupe,none,none
Design-Auto-Car-Transport-Red-Usa-Mustang-Gt-2338372,mustang,red,street,outside,coupe,none,none
drive-car-red-ford-mustang,mustang,red,mountains,outside,cabrio,none,none
Ford_Mustang_-_tyC582_28MSP1529.JPG,mustang,red,in a building,outside,coupe,men,young
Ford_Mustang_28MSP1629,mustang,red,in a building,outside,coupe,none,none
Ford_Mustang_Boss_302_Red,mustang,red,street,outside,coupe,none,none
Ford_Mustang_GT_red_50,mustang,red,street,outside,coupe,none,none
Ford_Mustang_GT2C_20.5.2017_28129,mustang,red,street,outside,coupe,none,none
Ford_Mustang_GT2C_20.5.2017_28229,mustang,red,street,outside,coupe,none,none
Ford_Mustang_GT2C_20.5.2017_281629,mustang,red,street,outside,coupe,none,none
Ford_Mustang_GT2C_20.5.2017_282629,mustang,red,street,outside,coupe,none,none
Ford_Mustang_GT2C_20.5.2017_283929,mustang,red,street,outside,coupe,none,none
Ford_Mustang_GT2C_20.5.2017_284229,mustang,red,street,outside,coupe,none,none
ford-2767097_1280,mustang,red,plain,outside,coupe,none,none
ford-mustang-50-car-1609199994XBZ,mustang,red,street,outside,cabrio,none,none
ford-mustang-50-car-1609200098eMT,mustang,red,street,outside,cabrio,none,none
ford-mustang-50-car-1609200420kt9,mustang,red,street,outside,cabrio,none,none
ford-mustang-50-car-16092002755dm,mustang,red,street,outside,cabrio,none,none
ford-mustang-2767124_1280,mustang,red,plain,outside,coupe,none,none
ford-mustang-gt-2052017-7-1d8835-1024,mustang,red,street,outside,coupe,none,none
ford-mustang-gt-2052017-15-2dd2d4-1024,mustang,red,street,outside,coupe,none,none
ford-mustang-gt-2052017-40-18821e-1024,mustang,red,street,outside,coupe,none,none
Ford-Mustang-View-Red-West-Coast-Drive-California-1630467,mustang,red,sea,outside,cabrio,none,none
ke-automotive-exterior-automotive-design-luxury-vehicle-full-size-car-539299,mustang,red,street,outside,coupe,none,none
mustang-2338356_1280,mustang,red,street,outside,coupe,none,none
mustang-2338392_1280,mustang,red,street,outside,coupe,none,none
mustang-2338394_1280,mustang,red,street,outside,coupe,none,none
Mustang-Auto-Car-Design-Gt-Usa-Transport-Red-2338404,mustang,red,street,outside,coupe,none,none
mustang-gb-2015-hobby-car-preview,mustang,red,street,outside,coupe,none,none
Mustang-Gt-2015-Car-Hobby-Car-Gb-2015-Mustang-771272,mustang,red,street,outside,coupe,none,none
mustang-gt-red-usa,mustang,red,street,outside,coupe,none,none
mustang-racing-car-automobile-v8-thumbnail,mustang,red,street,outside,coupe,none,none
parked-red-ford-mustang-during-daytime-thumbnail,mustang,red,street,outside,coupe,none,none
Red_6th-Gen_Ford_Mustang_-_Cruisin27_for_a_Cure,mustang,red,street,outside,coupe,none,none
red-1078401_1280,mustang,red,nature,outside,coupe,none,none
red-ford-mustang-thumbnail,mustang,red,mountains,outside,coupe,none,none
-s197-land-vehicle-automobile-make-automotive-design-stock-car-racing-464540,mustang,red,street,outside,coupe,none,none
terior-automotive-design-luxury-vehicle-performance-car-full-size-car-519302,mustang,red,street,outside,coupe,none,none
Usa-Car-Gt-Design-Auto-Transport-Mustang-Red-2338358,mustang,red,street,outside,coupe,none,none
utomotive-design-luxury-vehicle-performance-car-aston-martin-vanquish-520304,mustang,red,nature,outside,coupe,none,none
uxury-vehicle-mid-size-car-full-size-car-city-car-ford-mustang-coupe-1417249,mustang,red,in a building,outside,coupe,none,none
_Mustang_race_car_parking_sidewalk_in_black_Queen27s_Road_West_Nov_2016_Lnv2,mustang,black,street,outside,coupe,man and woman,different
2010_black_Ford_Mustang_GT_rear.JPG,mustang,black,in a building,outside,coupe,none,none
2011_Ford_Mustang_GT-CS_Black,mustang,black,street,outside,coupe,none,none
2011_Ford_Mustang_GT-CS_Black_Side_View,mustang,black,street,outside,coupe,none,none
2016_Ford_Mustang_28FM29_GT_coupe_282018-09-0329_01,mustang,grey,street,outside,coupe,none,none
2016_Ford_Mustang_28FM29_GT_coupe_282018-09-0329_02,mustang,grey,street,outside,coupe,none,none
2016_Ford_Mustang_GT_28RH16_MUS29,mustang,black,nature,outside,coupe,none,none
2017_Ford_Mustang_28FM29_coupe_282017-07-1529_01,mustang,black,street,outside,coupe,none,none
29238483102_fd2a8d6247_b,mustang,black,street,outside,coupe,none,none
49042073546_284df09409_b,mustang,black,street,outside,coupe,none,none
50750775112_df75d56898_b,mustang,black,street,outside,coupe,none,none
50862527962_5e80760456_b,mustang,black,street,outside,coupe,none,none
ang_race_car_parking_sidewalk_in_black_head_Queen27s_Road_West_Nov_2016_Lnv3,mustang,black,street,outside,coupe,none,none
auto-vehicle-mustang-ford-mustang-thumbnail,mustang,black,street,outside,coupe,none,none
car-mustang-ford-black-car-thumbnail,mustang,black,street,outside,coupe,none,none
Engine-Transport-Vehicle-Ford-Mustang-Automobile-3367524,mustang,black,street,outside,coupe,none,none
Ford_Mustang_Shelby_GT350_284084936787329,mustang,black,street,outside,coupe,none,none
ford-mustang-4765055_1280,mustang,black,mountains,outside,coupe,none,none
Ford-mustang-gt-2005-black,mustang,black,sea,outside,coupe,none,none
Gt-Mustang-Muscle-Ford-V8-Racing-Car-Auto-5362497,mustang,black,mountains,outside,cabrio,none,none
madison-wisconsin-jun-2021-007,mustang,black,street,outside,cabrio,none,none
2012-ford-f-150-supercrew,f150,white,in a building,outside,pickup,none,none
2013_Ford_F-150_SVT_Raptor_28840409609429,f150,white,in a building,outside,pickup,man,young
2015_Ford_F1502C_Front_Left2C_10-16-2020,f150,white,street,outside,pickup,none,none
2016_Ford_F-150_Limited_Super_Crew_3.5L2C_front_6.29.19,f150,white,street,outside,pickup,none,none
2017_Ford_F-150_front_5.19.18,f150,white,street,outside,pickup,none,none
2018_Ford_F-150_Lariat_Crew_Cab_3.5L_EcoBoost_rear_4.22.19,f150,white,street,outside,pickup,none,none
2018_Ford_F-150_XLT_front_28229_5.19.18,f150,white,street,outside,pickup,none,none
2019_Ford_F-150_Lariat_Crew_Cab2C_front_2.21.20,f150,white,street,outside,pickup,none,none
2019_Ford_F150_XLT2C_Front_Left2C_02-02-2021,f150,white,street,outside,pickup,none,none
15901297633_8735529bb8_b,f150,white,nature,outside,pickup,none,none
16202306607_bcf71c47f7_b,f150,white,nature,outside,pickup,none,none
16335191619_256c526a8d_b,f150,white,nature,outside,pickup,none,none
16495458156_8a250dd9b6_b,f150,white,street,outside,pickup,none,none
25456692795_dc20b9a961_b,f150,white,street,outside,pickup,none,none
26430491042_1412ccfdc1_b,f150,white,street,outside,pickup,none,none
26715287977_07ede87cff_b,f150,white,street,outside,pickup,none,none
26715288237_458a540864_b,f150,white,nature,outside,pickup,none,none
27455984443_c88d6cf328_b,f150,white,nature,outside,pickup,none,none
29862062590_f49c223b73_b,f150,white,street,outside,pickup,none,none
32625329287_118ec9cd93_b,f150,white,street,outside,pickup,none,none
32810360117_b69b722ec4_b,f150,white,street,outside,pickup,none,none
32810368477_858ebffba6_b,f150,white,street,outside,pickup,none,none
33136729092_0ea64d0cac_b,f150,white,nature,outside,pickup,none,none
34846736972_f4c0538b15_b,f150,white,nature,outside,pickup,none,none
37247658195_4cd87b36cd_b,f150,white,street,outside,pickup,none,none
37488507792_6df8b5a84c_b,f150,white,street,outside,pickup,none,none
39474636291_3b99bcc410_b,f150,white,nature,outside,pickup,none,none
46350490442_8d3f2970d6_b,f150,white,street,outside,pickup,none,none
46977013592_05c8facbb8_b,f150,white,street,outside,pickup,none,none
49094947266_54066af6ae_b,f150,white,nature,outside,pickup,none,none
51430953953_5a988efd1a_b,f150,white,street,outside,pickup,none,none
car-5334072_1280,f150,white,street,outside,pickup,none,none
Ford_F150_FX4_2004,f150,white,street,outside,pickup,none,none
Ford_F-150_P702_white_28229,f150,white,in a building,outside,pickup,none,none
Ford_F-150_SVT_Raptor_6.2L_2015_281727011660529,f150,white,street,outside,pickup,none,none
Ford_F-150_SVT_Raptor_6.2L_SuperCrew_2012_28939738923629,f150,white,street,outside,pickup,none,none
ford-pickup-truck-1606174812fpE,f150,white,street,outside,pickup,none,none
Newton_F-150_Police_truck,f150,white,street,outside,pickup,none,none
Shelby2C_Paris_Motor_Show_20182C_Paris_281Y7A154429,f150,white,in a building,outside,pickup,none,none
2010_Ford_F-150_Raptor_-_Front_View,f150,red,in a building,outside,pickup,man ,different
2012_Ford_F-150_28548364719129,f150,red,in a building,outside,pickup,none,none
2012-ford-f-350-crewcab-platinum,f150,red,in a building,outside,pickup,none,none
2015_Ford_F150_Lariat2C_9th_Annual_Super_Cruise-in_Valdosta.JPG,f150,red,street,outside,pickup,none,none
2021_Ford_F-150_28fourteenth_generation29_front_view_01,f150,red,nature,outside,pickup,none,none
4889611965_5e34b62fde_b,f150,red,street,outside,pickup,none,none
11427355873_7f06e8674b_b,f150,red,street,outside,pickup,none,none
27284578925_deded6fcff_b,f150,red,nature,outside,pickup,none,none
28674433291_af03d96fe2_b,f150,red,street,outside,pickup,none,none
30909918198_74bf5e4f12_b,f150,red,nature,outside,pickup,none,none
32579581714_764ca1d1b4_c,f150,red,nature,outside,pickup,none,none
32888683078_c039224a93_b,f150,red,in a building,outside,pickup,none,none
32921818192_9296670319_b,f150,red,in a building,outside,pickup,none,none
34571857061_bbb959cc55_b,f150,red,street,outside,pickup,none,none
37657838665_b7c3a0fb9e_c,f150,red,street,outside,pickup,none,none
49539921288_e8b92c5536_b,f150,red,street,outside,pickup,none,none
A-car-in-Dubai-228775-pixahive,f150,red,street,outside,pickup,none,none
cle-automobile-make-automotive-exterior-truck-bed-part-ford-lightning-348198,f150,red,mountains,outside,pickup,none,none
D_98766_Ford_F150_SVT_Raptor_28737597393429,f150,red,street,outside,pickup,none,none
f150-5213012_1280,f150,red,nature,outside,pickup,none,none
f150-5213013_1280,f150,red,nature,outside,pickup,none,none
f150-5213017_1280,f150,red,nature,outside,pickup,none,none
f150-5213018_1280,f150,red,nature,outside,pickup,none,none
Ford_F-150_Lariat_5.4_SuperCrew_4x4_2005_281497504670029,f150,red,street,outside,pickup,none,none
Ford_F-150_Lariat_SuperCrew_4x4_2012_281560521174829,f150,red,street,outside,pickup,none,none
Ford_F-150_Raptor_28P55229_IMG_3685,f150,red,street,outside,pickup,none,none
Ford_F-150_Shelby_1X7A7991,f150,red,in a building,outside,pickup,none,none
Ford_F-150_SVT_Raptor_28437455997529,f150,red,in a building,outside,pickup,man,different
Ford_F150_truck_parked_in_front_of_Summit_lake_in_Clearwater_Wilderness2C_WA,f150,red,nature,outside,pickup,man,young
Ford_F-150_XLT_Super_Cab_1997_281513870388629,f150,red,street,outside,pickup,none,none
ford-f150-5295540_1280,f150,red,street,outside,pickup,none,none
Red-Vehicle-Truck-Ford-Trailer-Pickup-3247624,f150,red,nature,outside,pickup,none,none
tea-car-truck-pickup-truck-thumbnail,f150,red,sea,outside,pickup,none,none
truck-land-vehicle-automobile-make-automotive-exterior-ford-lightning-198907,f150,red,street,outside,pickup,none,none
truck-land-vehicle-automobile-make-automotive-exterior-ford-lightning-202029,f150,red,mountains,outside,pickup,none,none
truck-land-vehicle-automobile-make-automotive-exterior-truck-bed-part-196870,f150,red,nature,outside,pickup,none,none
truck-land-vehicle-automobile-make-automotive-exterior-truck-bed-part-201909,f150,red,street,outside,pickup,none,none
truck-land-vehicle-automobile-make-automotive-exterior-truck-bed-part-205359,f150,red,street,outside,pickup,none,none
truck-land-vehicle-automobile-make-automotive-exterior-truck-bed-part-348208,f150,red,sea,outside,pickup,none,none
Vehicle-F-150-Pickup-Truck-F150-Truck-Pickup-Ford-5213021,f150,red,nature,outside,pickup,none,none
Vehicle-Pickup-Truck-F-150-Ford-Pickup-Truck-F150-5213019,f150,red,nature,outside,pickup,none,none
15-17_Ford_F-150_Lariat_Sport_Crew_Cab,f150,blue,street,outside,pickup,none,none
2012-ford-f-150-raptor-62,f150,blue,in a building,outside,pickup,none,none
2012-ford-raptor,f150,blue,in a building,outside,pickup,none,none
5545937669_0a592bc242_b,f150,blue,in a building,outside,pickup,none,none
5655459223_a404cea25a_b,f150,blue,street,outside,pickup,none,none
15236973172_b1afe34945_b,f150,blue,nature,outside,pickup,none,none
28057719496_1d4e5221be_b,f150,blue,street,outside,pickup,none,none
34979165676_74719de3e2_b,f150,blue,street,outside,pickup,none,none
35019079265_b145bb9851_b,f150,blue,nature,outside,pickup,none,none
35394770616_b3fbed0583_b,f150,blue,nature,outside,pickup,none,none
35434489205_c229a2113f_b,f150,blue,nature,outside,pickup,none,none
37638432032_75b48cd2b3_b,f150,blue,nature,outside,pickup,none,none
37671391411_129faa3daa_b,f150,blue,nature,outside,pickup,none,none
37713297826_45cc0727b4_b,f150,blue,street,outside,pickup,none,none
41684640722_925a7cd38a_b,f150,blue,street,outside,pickup,none,none
50244870783_cefa78553e_z,f150,blue,street,outside,pickup,none,none
Blue_Second_Gen_F-150_Raptor_on_Dirt_Lot,f150,blue,street,outside,pickup,none,none
Ford_F-150_Raptor_3.5T_2019,f150,blue,street,outside,pickup,none,none
Ford_F-150_Raptor_SVT_-_blue_front,f150,blue,street,outside,pickup,none,none
Ford_F-150_Raptor_SVT_-_blue_rear,f150,blue,street,outside,pickup,none,none
Ford_F-150_Raptor_SVT_2010,f150,blue,street,outside,pickup,none,none
Ford_F-150_Shelby_Raptor_Baja_1X7A7993,f150,blue,in a building,outside,pickup,none,none
Ford_F-150_Shelby_Raptor_Baja2C_Paris_Motor_Show_20182C_IMG_0274,f150,blue,in a building,outside,pickup,none,none
Ford_F-150_SVT_Raptor_2011_281524596603029,f150,blue,street,outside,pickup,none,none
ford-truck-6872831_1280,f150,blue,street,outside,pickup,none,none
2005_Ford_F-150_Patriots_Edition,f150,black,street,outside,pickup,none,none
2007_Ford_F1502C_Rear_Right2C_09-15-2020,f150,black,street,outside,pickup,none,none
2011_Ford_F-150_SVT_Raptor_Crew_Cab_28550386609429,f150,black,street,outside,pickup,none,none
2018_Ford_F-150_Raptor_Super_Crew_Cab_in_Lead_Foot2C_front_right,f150,grey,street,outside,pickup,none,none
2019_Ford_F-150_Lariat2C_Lime_Rock_9.1.19,f150,black,nature,outside,pickup,none,none
1020895_8ea04a22fa9ecd01d23fdebe205116f4,f150,black,in a building,outside,pickup,none,none
10948572466_c46242132c_b,f150,black,nature,outside,pickup,none,none
10948640634_4919ea84d1_b,f150,black,street,outside,pickup,none,none
10948650904_5aed429f1c_b,f150,black,street,outside,pickup,none,none
10948774973_db516d692a_b,f150,black,in a building,outside,pickup,none,none
14516527318_9bb0e86f2c_b,f150,black,street,outside,pickup,none,none
16195137119_a77289cb14_b,f150,black,street,outside,pickup,none,none
20059519051_e2eae3721a_b,f150,black,street,outside,pickup,none,none
20059519441_c8c9fd7a0c_b,f150,black,street,outside,pickup,none,none
22631995048_37d7136f66_b,f150,black,street,outside,pickup,none,none
26193218294_7843cf0f46_b,f150,black,street,outside,pickup,none,none
26526210330_75d0b92b66_b,f150,black,street,outside,pickup,none,none
27534907344_48a834ba1c_b,f150,black,sea,outside,pickup,none,none
27534907534_1a358461a1_b,f150,black,street,outside,pickup,none,none
28636308262_75983fee58_b,f150,black,sea,outside,pickup,none,none
30088959570_d05dc845fd_b,f150,black,street,outside,pickup,none,none
30088960560_906320a0a6_b,f150,black,street,outside,pickup,none,none
30414172905_2b32f49a67_b,f150,black,street,outside,pickup,none,none
31610470110_72ceb5770e_b,f150,black,street,outside,pickup,none,none
31610474390_15c73f7142_b,f150,black,street,outside,pickup,none,none
49105740941_62bb3db726_b,f150,black,in a building,outside,pickup,none,none
50279488402_ce2f5fbbc1_b,f150,black,street,outside,pickup,none,none
51206121252_0cc1e1d6cf_b,f150,black,nature,outside,pickup,none,none
Ford_F150_Lobo_Platinum_283281982180529,f150,black,street,outside,pickup,none,none
2012_Ford_Mondeo_Zetec_Business_Edition_2.0,mondeo,white,street,outside,sedan,none,none
2018_Ford_Mondeo_28Fusion29_Vignale_01,mondeo,white,street,outside,sedan,none,none
2018_Ford_Mondeo_28Fusion29_Vignale_02,mondeo,white,street,outside,sedan,none,none
2018_Ford_Mondeo_28MD29_Trend_liftback_282018-11-2229_01,mondeo,grey,street,outside,sedan,none,none
2018_Ford_Mondeo_28MD29_Trend_liftback_282018-11-2229_02,mondeo,grey,street,outside,sedan,none,none
2018_Ford_Mondeo_Vignale_TDCi_Automatic_2.0_Front,mondeo,white,street,outside,sedan,none,none
2018_Ford_Mondeo_Vignale_TDCi_Automatic_2.0_Rear,mondeo,white,street,outside,sedan,none,none
2018_Ford_Mondeo_Vignale_TDCi_Automatic_2.0_Side,mondeo,white,street,outside,sedan,none,none
car-ford-mondeo-auto-show-zagreb-2018-modern-technology-power-public-show,mondeo,white,street,outside,sedan,none,none
Ford_Mondeo_-_Mondial_de_l27Automobile_de_Paris_2012_-_001,mondeo,white,street,outside,sedan,none,none
Ford_Mondeo_Hybrid_-_przC3B3d_28MSP1529.JPG,mondeo,white,in a building,outside,sedan,none,none
Ford_Mondeo_Hybrid_-_tyC582_28MSP1529.JPG,mondeo,white,in a building,outside,sedan,none,none
Ford_Mondeo_Hybrid_Electric_281442506822829,mondeo,white,in a building,outside,sedan,none,none
Ford_Mondeo_Hybrid_Electric_281461166502529,mondeo,white,in a building,outside,sedan,none,none
Ford_Mondeo_sedan_28front_quarter29.JPG,mondeo,white,in a building,outside,sedan,none,none
Ford_Mondeo_V_2_China_2015-04-06,mondeo,white,street,outside,sedan,none,none
Ford_Mondeo_V_China_2016-04-01,mondeo,white,street,outside,sedan,none,none
2013_Ford_Fusion_Hybrid_lateral_logo,mondeo,red,nature,outside,sedan,none,none
2013_Ford_Fusion_Hybrid_trim,mondeo,red,nature,outside,sedan,none,none
2017_Ford_Fusion_Sport,mondeo,red,in a building,outside,sedan,man and woman,young
2018_Ford_Fusion_Hybrid_Titanium,mondeo,red,street,outside,sedan,none,none
6698847549_1fa6cbae79_b,mondeo,red,plain,outside,sedan,none,none
29344727910_dccb9ee416_b,mondeo,red,street,outside,sedan,none,none
38830830674_89059b8607_b,mondeo,red,street,outside,sedan,none,none
denc0414-005,mondeo,red,street,outside,sedan,none,none
denc0414-006,mondeo,red,street,outside,sedan,none,none
Ford_2015_Fusion_Titanium_281592293625129,mondeo,red,in a building,outside,sedan,man and woman,young
Ford_Fusion_SE_2.0_EcoBoost_2017_283495663557329,mondeo,red,in a building,outside,sedan,none,none
2018_Ford_Mondeo_Titanium_Edition_ECOnetic_2.0_Front_28129,mondeo,blue,street,outside,sedan,none,none
2019_Ford_Fusion_Hybrid_SE2C_Blue2C_front_left,mondeo,blue,street,outside,sedan,none,none
2019_Ford_Fusion_Hybrid_SE2C_Blue2C_rear_left,mondeo,blue,street,outside,sedan,none,none
6794041754_408362005c_b,mondeo,blue,in a building,outside,sedan,none,none
6927453831_5cc4047ea3_b,mondeo,blue,in a building,outside,sedan,none,none
Ford_Fusion_Energi_SEL_WAS_2012_0573.JPG,mondeo,blue,in a building,outside,sedan,none,none
Ford_Fusion_Energi_SEL_WAS_2012_0576.JPG,mondeo,blue,in a building,outside,sedan,none,none
Ford_Fusion_Energi_SEL_WAS_2012_0583.JPG,mondeo,blue,in a building,outside,sedan,none,none
Ford_Fusion_Energi_SEL_WAS_SEL_2012_0598.JPG,mondeo,blue,in a building,outside,sedan,none,none
Ford_Fusion_Energi_WAS_2012_0586.JPG,mondeo,blue,in a building,outside,sedan,none,none
Ford_Fusion_WAS_2012_0525.JPG,mondeo,blue,in a building,outside,sedan,none,none
Ford_Fusion_WAS_2012_0529.JPG,mondeo,blue,in a building,outside,sedan,none,none
Ford_Fusion_WAS_2012_0599.JPG,mondeo,blue,in a building,outside,sedan,none,none
Uber_Ford_Fusion2C_second_generation,mondeo,blue,street,outside,sedan,man,young
2015_Ford_Fusion_SE2C_Rear_Left2C_09-26-2021,mondeo,black,street,outside,sedan,none,none
2017_Ford_Mondeo_4-vrata_Trend_Napred,mondeo,black,street,outside,sedan,none,none
2019_Ford_Fusion_Titanium_Energi2C_front_2.29.20,mondeo,black,street,outside,sedan,none,none
2019_Ford_Fusion_Titanium_Energi2C_rear_2.29.20,mondeo,black,street,outside,sedan,none,none
22501056894_6361d8d329_z,mondeo,black,plain,outside,sedan,none,none
33068768848_4e731fb526_b,mondeo,black,street,outside,sedan,none,none
50402814191_cd82593938_b,mondeo,black,nature,outside,sedan,none,none
Bienal_Auto_BH_11_2013_Ford_Fusion_Hybrid_7355.JPG,mondeo,black,in a building,outside,sedan,none,none
Bienal_Auto_BH_11_2013_Ford_Fusion_Hybrid_7356.JPG,mondeo,black,in a building,outside,sedan,none,none
Ford_Fusion_282nd_generation29_IMG_5310,mondeo,black,street,outside,sedan,none,none
Ford_Fusion_282nd_generation29_IMG_5311,mondeo,black,street,outside,sedan,none,none
Ford_Fusion_SE_2.5_2014_281406896436429,mondeo,black,street,outside,sedan,none,none
Ford_Fusion_SE_EcoBoost_2016_283828016826429,mondeo,black,street,outside,sedan,none,none
Ford_Mondeo_Vignale_diesel_registered_March_2017_1997cc,mondeo,black,nature,outside,sedan,none,none
9913711886_ba1e372448_b,fiesta,red,nature,outside,hatchback,none,none
6198907511_c85a1032d8_b,fiesta,blue,street,outside,hatchback,none,none
16115457683_360750c831_b,fiesta,blue,street,outside,hatchback,none,none
"2013_Ford_Fiesta_Sport_1.5L_in_Cyberjaya,_Malaysia_(01)",fiesta,white,street,outside,hatchback,none,none
37286453130_a4ab528ca5_b,fiesta,white,street,outside,hatchback,none,none
5174746869_4fc05f4756_b,fiesta,black,street,outside,hatchback,none,none
37571215160_3c8b942afe_b,fiesta,black,plain,outside,hatchback,none,none
3119837644_897c608a6c,fiesta,red,mountains,outside,hatchback,man,young
8456325357_8d9df88d86_b,fiesta,green,nature,outside,hatchback,none,none
8457412964_c5e9f8a5fe_b,fiesta,green,nature,outside,hatchback,none,none
21217179573_b89cb63620_b,fiesta,grey,sea,outside,hatchback,none,none
49549359991_2ae7d01fe3_b,fiesta,white,street,outside,sedan,none,none
27668948509_436e90c8d7_b,fiesta,black,street,outside,sedan,none,none
38180117581_1f1d687c58_b,fiesta,white,street,outside,sedan,none,none
32225881082_6dd5c10c76_b,focus,white,street,outside,sedan,none,none
16063440736_1d015bd91a_b,focus,grey,street,outside,hatchback,none,none
5484201938_bb9510cd61_b,focus,white,in building,outside,hatchback,none,none
8696900001_6f22e4b4c2_b,focus,grey,street,outside,hatchback,man,young
25194904730_bafdef5ac5_b,focus,black,street,outside,hatchback,none,none
49037098883_2f550bd235_b,focus,blue,street,outside,hatchback,none,none
16657045694_7ecdbc6c81_b,focus,white,nature,outside,hatchback,none,none
9359703087_21e10edc3f_b,focus,grey,street,outside,sedan,none,none
31261463836_fa857be737_b,focus,grey,street,outside,sedan,none,none
40589358560_469c9c67a9_b,focus,red,nature,outside,sedan,none,none
pexels-jacky-lin-8066253,f150,grey,nature,outside,pickup,none,none
pexels-abdulwahab-alawadhi-8561771,f150,red,sea,outside,pickup,none,none
9708143176_37b6b3396c_b,f150,white,street,outside,pickup,none,none
29336611926_b80e7fd8cc_b,f150,white,street,outside,pickup,none,none
33746238261_98db90b99d_b,f150,black,nature,outside,pickup,none,none
24174554683_9f4df1de6c_b,f150,black,street,outside,pickup,none,none
26896760424_464c8c4fd0,f150,white,nature,outside,pickup,none,none
26896760884_4dddb33636,f150,white,mountains,outside,pickup,none,none
32579581714_764ca1d1b4,f150,red,nature,outside,pickup,none,none
24775155146_13539a6465_b,f150,black,sea,outside,pickup,none,none
32449205154_36f7f2fe7b_b,f150,grey,sea,outside,pickup,none,none
48786207663_627ea8d851_b,mustang,red,street,outside,coupe,none,none
6996048406_8ce11a55c8_b,mustang,yellow,street,outside,coupe,none,none
16670149503_96b71d092a_b,mustang,black,street,outside,coupe,none,none
16389681868_d75faa3b4f_b,mustang,yellow,nature,outside,coupe,none,none
27750783773_96aa4b6aae_b,mustang,yellow,street,outside,coupe,none,none
8060261146_24605024fb_b,mustang,green,street,outside,coupe,none,none
5038763912_1c004bb876,mustang,yellow,mountains,outside,coupe,none,none
9012214113_e521327f4c_b,mustang,blue,street,outside,coupe,none,none
14835773649_c574bf51cb_b,mustang,yellow,street,outside,coupe,"man, woman and child",young
3577369650_2f9e5d556f_b,mustang,red,nature,outside,coupe,none,none
14160048631_a40f8a5cd6_b,mondeo,white,street,outside,sedan,none,none
14040299968_2d67f5d85f_b,mondeo,grey,nature,outside,sedan,none,none
33820176416_a6056d124e_b,mondeo,black,street,outside,sedan,none,none
13177415695_03260f2eab_b,mondeo,grey,street,outside,sedan,none,none
14068964364_61166985fe_b,mondeo,black,street,outside,sedan,none,none
11380819773_2a3f03eae1_b,mondeo,grey,street,outside,sedan,none,none
11380701466_7fa30ffe1b_b,mondeo,white,street,outside,sedan,none,none
11380824573_4b54f3d51c_b,mondeo,red,plain,outside,sedan,none,none
10706296065_8411c80cb2_b,mondeo,blue,plain,outside,sedan,none,none
11380823063_c8f0cc5716_b,mondeo,red,street,outside,sedan,none,none
11784455855_89cf754690_b,mondeo,black,mountains,outside,sedan,none,none
10172576555_d61deef657_b,mondeo,blue,nature,outside,sedan,none,none
7475133806_8ff722abce_b,fiesta,-,-,inside,-,none,none
3385866354_cef4ecfca6_b,fiesta,-,-,inside,-,none,none
48094529512_f110696232_b,fiesta,-,-,inside,-,none,none
5210993391_1d6f47ebf5_b,fiesta,-,-,inside,-,none,none
5597685021_b01f4bfaf0_b,fiesta,-,-,inside,-,none,none
5123919619_8e6244c512_b,fiesta,-,-,inside,-,none,none
7475129558_ff9356621a_b,fiesta,-,-,inside,-,none,none
pexels-photo-7738877,fiesta,-,-,inside,-,none,none
pexels-photo-11238631,fiesta,-,-,inside,-,none,none
photo_2021-09-03_12-59-19,focus,-,-,inside,-,none,none
photo_2021-09-03_12-59-21,focus,-,-,inside,-,none,none
photo_2021-09-03_12-25-06,focus,-,-,inside,-,none,none
photo_2021-09-03_12-59-17,focus,-,-,inside,-,none,none
photo_2021-09-03_12-25-07,focus,-,-,inside,-,none,none
5211007749_ed0d474646_b,focus,-,-,inside,-,none,none
2013_Ford_Focus_Mk3_Titanium_1.0_EcoBoost_Turbo_125_PS_92_kW_Cockpit_Interieur_Innenraum,focus,-,-,inside,-,none,none
car-passenger-driver-seats-belt-171274746,focus,-,-,inside,-,none,none
car-interior-steering-wheel-shift-lever-dashboard-241086685,focus,-,-,inside,-,none,none
car-interior-steering-wheel-shift-lever-dashboard-241086654,focus,-,-,inside,-,none,none
car-interior-back-row-241086698,focus,-,-,inside,-,none,none
ford-focus-auto-interior-steering-wheel-logo-speedometer-tachometer-204272112,focus,-,-,inside,-,none,none
ford-focus-close-up-accelerator-handle-buttons-187048492,focus,-,-,inside,-,none,none
ford-focus-close-up-dashboard-player-steering-wheel-accelerator-handle-buttons-seats-modern-car-156286222,focus,-,-,inside,-,none,none
15154008689_fe6c446d90_b,mondeo,-,-,inside,-,none,none
15340457562_77741e36f8_b,mondeo,-,-,inside,-,none,none
15340457372_5363317480_b,mondeo,-,-,inside,-,none,none
15154234087_4116b5b8c7_b,mondeo,-,-,inside,-,none,none
15154184478_67a0c4c702_b,mondeo,-,-,inside,-,none,none
3110193160_59205e5469_b,mondeo,-,-,inside,-,none,none
ford-mondeo-close-up-accelerator-handle-buttons-153617421,mondeo,-,-,inside,-,none,none
cluj-napoca-romania-may-ford-mondeo-mk-titanium-year-full-option-equipment-photo-session-leather-interior-luxury-car-front-seat-93970042,mondeo,-,-,inside,-,none,none
cluj-napoca-romania-may-ford-mondeo-mk-titanium-year-full-option-equipment-photo-session-leather-interior-luxury-car-back-seat-93969917,mondeo,-,-,inside,-,none,none
cluj-napoca-romania-may-ford-mondeo-mk-titanium-year-full-option-equipment-photo-session-leather-interior-luxury-car-front-seat-93969977,mondeo,-,-,inside,-,none,none
ford-mondeo-car-interior-steering-wheel-shift-lever-multimedia-systeme-driver-seats-dashboard-211308310,mondeo,-,-,inside,-,none,none
ford-mondeo-close-up-black-rear-seats-seats-belt-modern-car-interior-153617366,mondeo,-,-,inside,-,none,none
25513938972_85fd36d81e_b,mustang,-,-,inside,-,none,none
23051333311_b0ffc52e61_b,mustang,-,-,inside,-,none,none
2210883440_e1a0e48e5d_b,mustang,grey,-,inside,-,man and woman,young
2196871789_a985b5db1f_b,mustang,-,-,inside,-,none,none
6863024534_f2e109ac16_b,mustang,-,-,inside,-,none,none
ford-mustang-interior-naias-detroit-mi-usa-january-ford-mustang-interior-north-american-international-auto-show-naias-one-108142743,mustang,-,-,inside,-,none,none
ford-mustang-interior-view-rear-leather-sports-seating-camaro-auto-mobile-161033656,mustang,-,-,inside,-,none,none
ford-mustang-interior-front-view-passenger-nad-driver-side-showing-leather-seats-luxury-grade-sports-car-161033659,mustang,-,-,inside,-,none,none
interior-passenger-driver-side-ford-mustang-taken-dirver-showing-leather-seats-luxury-grade-sports-car-front-161033660,mustang,-,-,inside,-,none,none
muscle-car-ford-mustang-interior-passenger-compartment-inside-russia-rostov-don-oct-238831923,mustang,-,-,inside,-,none,none
muscle-car-ford-mustang-interior-salon-alcantara-altered-seats-russia-rostov-don-oct-238831865,mustang,-,-,inside,-,none,none
muscle-car-ford-mustang-interior-passenger-compartment-inside-car-muscle-car-ford-mustang-interior-238831857,mustang,-,-,inside,-,none,none
muscle-car-ford-mustang-interior-salon-close-up-gear-shift-knob-muscle-car-ford-mustang-interior-238831851,mustang,-,-,inside,-,none,none
muscle-car-ford-mustang-interior-passenger-compartment-inside-close-up-russia-rostov-don-oct-238831922,mustang,-,-,inside,-,none,none
oct-yellow-238831837,mustang,-,-,inside,-,none,none
ford-mustang-cabrio-interior-prague-czech-rep-october-closeup-new-luxury-car-126788589,mustang,-,-,inside,-,none,none
ford-mustang-cabrio-interior-prague-czech-rep-october-closeup-new-luxury-car-126788536,mustang,-,-,inside,-,none,none
ford-mustang-cabrio-interior-prague-czech-rep-october-closeup-new-luxury-car-126788499,mustang,-,-,inside,-,none,none
bordeaux-aquitaine-france-ford-mustang-shelby-interior-steering-wheel-new-modern-model-174023921,mustang,-,-,inside,-,none,none
ford-mustang-rear-interior-view-rear-interior-ford-mustang-taken-dirver-side-showing-spacious-rear-seats-161033665,mustang,-,-,inside,-,none,none
interior-ford-mustang-v-red-leather-sport-seats-black-instrument-panels-car-interior-instrument-ford-119682404,mustang,-,-,inside,-,none,none
15045402485_b0fda7d951_b,f150,-,-,inside,-,none,none
21669778021_07aaced41b,f150,-,-,inside,-,none,none
21472794718_ab709dd193,f150,-,-,inside,-,none,none
ford-raptor-nameplate-used-motor-company-high-performance-pickup-trucks-has-unique-interior-design-214740909,f150,-,-,inside,-,none,none
ford-raptor-nameplate-used-motor-company-high-performance-pickup-trucks-has-unique-interior-design-214740962,f150,-,-,inside,-,none,none
ford-raptor-nameplate-used-motor-company-high-performance-pickup-trucks-has-unique-interior-design-214740927,f150,-,-,inside,-,none,none
ford-raptor-ford-raptor-nameplate-used-ford-motor-company-high-performance-pickup-trucks-214741082,f150,-,-,inside,-,none,none
ford-raptor-ford-raptor-nameplate-used-ford-motor-company-high-performance-pickup-trucks-214741066,f150,-,-,inside,-,none,none
ford-ranger-raptor-kuala-lumpur-motor-show-malaysia-november-interior-140665578,f150,-,-,inside,-,none,none
ford-ranger-raptor-kuala-lumpur-motor-show-malaysia-november-interior-140665561,f150,-,-,inside,-,none,none
ford-raptor-nameplate-used-motor-company-high-performance-pickup-trucks-has-unique-interior-design-214740943,f150,-,-,inside,-,none,none
ukraine-odessa-july-ford-f-raptor-car-interior-premium-car-back-seat-prestige-luxury-modern-ukraine-odessa-july-ford-f-226350606,f150,-,-,inside,-,none,none
galati-romania-september-ford-ranger-raptor-interior-view-high-quality-photo-238483886,f150,-,-,inside,-,none,none
Man fiesta red 1,fiesta,red,nature,outside,hatchback,man,young
Man fiesta red 2,fiesta,red,nature,outside,hatchback,man,young
Man fiesta red 3,fiesta,red,nature,inside,hatchback,man,young
Man fiesta red 4,fiesta,red,nature,outside,hatchback,man,young
Man fiesta red 5,fiesta,red,in a building,outside,hatchback,man,elderly
Man fiesta red 6,fiesta,red,in a building,outside,hatchback,man,elderly
Man fiesta white 1,fiesta,white,street,outside,hatchback,man,young
Women fiesta black 1,fiesta,grey,street,outside,hatchback,women,young
Women fiesta red 1,fiesta,black,plain,outside,hatchback,women,young
Women fiesta red 2,fiesta,red,street,outside,hatchback,women,young
Women fiesta silver 1,fiesta,red,street,outside,hatchback,women,young
Women fiesta silver 2,fiesta,grey,street,outside,hatchback,women,young
Women fiesta white 1,fiesta,grey,nature,outside,hatchback,women,young
Man fiesta white 2,fiesta,grey,nature,outside,hatchback,man,young
Man focus orange 1,focus,orange,in a building,outside,hatchback,man,different
Man focus orange 2,focus,orange,in a building,outside,hatchback,man,young
Man focus orange 3,focus,orange,sea,outside,hatchback,man,young
Women and man focus orange 1,focus,orange,sea,outside,hatchback,"women, man",young
Man focus silver 1,focus,silver,street,outside,hatchback,man,young
Men F150 black 1,f150,black,in a building,outside,pickup,man,young
Men F150 red 1,f150,red,nature,outside,pickup,man,young
Wonem F150 red 1,f150,red,nature,outside,pickup,"women, man",young
Men mustang blue 1.jpg,mustang,blue,nature,outside,coupe,man,young
Men mustang blue 2.jpg,mustang,blue,street,outside,coupe,man,young
Men mustang orange 1.jpg,mustang,yellow,street,outside,coupe,man,different
Men mustang red 1.jpg,mustang,red,street,outside,coupe,man,old
Men mustang red 2.jpg,mustang,red,street,outside,coupe,man,different
Men mustang red 3.jpg,mustang,red,street,outside,coupe,man,young
Men mustang white 1.jpg,mustang,white,street,outside,coupe,man,young
Men mustang yellow 1.jpg,mustang,yellow,street,outside,coupe,man,young
Women mustang black 1.jpg,mustang,black,nature,outside,coupe,man,young
Women mustang orange 1.jpg,mustang,yellow,street,outside,coupe,"women, man",different
Women mustang red 1.jpg,mustang,red,street,outside,coupe,women,young
Women mustang red 2.jpg,mustang,red,sea,outside,cabrio,"women, man",young
Women mustang silver 1.jpg,mustang,grey,street,outside,coupe,women,young
Wonem mondeo black 1.jpg,mondeo,black,nature,outside,sedan,women,young
Wonem mondeo blue 1.jpg,mondeo,black,street,outside,sedan,women,young
Wonem mondeo blue 2.jpg,mondeo,blue,street,outside,sedan,women,young
Wonem mondeo red 1.jpg,mondeo,red,street,outside,sedan,women,young
Wonem mondeo silver 1.jpg,mondeo,beige,in a building,outside,sedan,women,old
Wonem mondeo white 1.jpg,mondeo,white,street,outside,sedan,women,young
