FileName,Model,Color,Background
2012-ford-f-350-crewcab-platinum,f150,red,in a building
41130658861_ef0b07b9c4_b,mustang,blue,street
10948572466_c46242132c_b,f150,black,nature
Ford_Fiesta_2017_Hatchback,fiesta,red,in a building
Ford_F-150_Raptor_SVT_-_blue_front,f150,blue,street
2016_Ford_Fiesta_Base_TDCi_1.5_Front,fiesta,white,street
2018_Ford_Fiesta_ST-3,fiesta,red,street
Man fiesta red 4,fiesta,red,nature
Vehicle-F-150-Pickup-Truck-F150-Truck-Pickup-Ford-5213021,f150,red,nature
2018_Ford_F-150_Lariat_Crew_Cab_3.5L_EcoBoost_rear_4.22.19,f150,white,street
50862527962_5e80760456_b,mustang,black,street
ford-4771408_1280,fiesta,blue,street
26896760424_464c8c4fd0,f150,white,nature
Ford_F-150_XLT_Super_Cab_1997_281513870388629,f150,red,street
Ford_Focus_RS_Mk_II_Performance_Blue_003,focus,blue,plain
Men mustang red 1.jpg,mustang,red,street
9269290104_991d7126eb_b,focus,red,street
49232260528_9745d15bf1_b,focus,blue,nature
red-1078401_1280,mustang,red,nature
Ford_Focus_RS500_-_Flickr_-_Supermac1961,focus,black,street
Ford_Fiesta_1.6_SE_Sedan_2012_281518053320129,fiesta,white,street
utomotive-design-luxury-vehicle-performance-car-aston-martin-vanquish-520304,mustang,red,nature
8696900001_6f22e4b4c2_b,focus,grey,street
rally-race-car-speed-thumbnail,fiesta,white,nature
23051333311_b0ffc52e61_b,mustang,-,-
A-car-in-Dubai-228775-pixahive,f150,red,street
10948640634_4919ea84d1_b,f150,black,street
Ford_Mustang_GT_284301834356129,mustang,blue,nature
ford-mustang-50-car-16209231193nZ,mustang,blue,street
37247658195_4cd87b36cd_b,f150,white,street
2017-08-20-10-00-14-550x367,mustang,red,street
2018_Ford_Fusion_Hybrid_Titanium,mondeo,red,street
car-mustang-ford-black-car-thumbnail,mustang,black,street
2018_Ford_Focus_ST-Line_EcoBoost_1.0_28129,focus,blue,street
ford-mustang-50-car-1619283759M90,mustang,white,street
Ford_Fiesta_VI_sedan_China_2012-05-26.JPG,fiesta,blue,street
mustang-racing-car-automobile-v8-thumbnail,mustang,red,street
2016_Ford_F-150_Limited_Super_Crew_3.5L2C_front_6.29.19,f150,white,street
"2013_Ford_Fiesta_Sport_1.5L_in_Cyberjaya,_Malaysia_(01)",fiesta,white,street
2266937994_c150b797bd_c,fiesta,red,plain
16495458156_8a250dd9b6_b,f150,white,street
38468024506_dfcb646e66_b,fiesta,blue,in a building
Ford_Fiesta_2018,fiesta,red,street
2018_Ford_F-150_XLT_front_28229_5.19.18,f150,white,street
ang_race_car_parking_sidewalk_in_black_head_Queen27s_Road_West_Nov_2016_Lnv3,mustang,black,street
ford-mustang-50-car-1609200098eMT,mustang,red,street
e-design-luxury-vehicle-performance-car-full-size-car-world-rally-car-168491,focus,blue,street
Ford_Mondeo_Hybrid_-_tyC582_28MSP1529.JPG,mondeo,white,in a building
30414172905_2b32f49a67_b,f150,black,street
Man fiesta red 2,fiesta,red,nature
2018_Ford_Focus_ST-Line_TDCi_1.5_Rear,focus,red,street
33068768848_4e731fb526_b,mondeo,black,street
8456325357_8d9df88d86_b,fiesta,green,nature
40031529175_837290cd56_b,fiesta,black,plain
Ford_Focus_2.0_SE_2016_284485265687129,focus,white,street
14263220367_3fc6e2eef9_b,mustang,white,street
2016_Ford_Fiesta_ST2C_Kona_Blue2C_rear_left,fiesta,blue,street
2013_Ford_Focus_Mk3_Titanium_1.0_EcoBoost_Turbo_125_PS_92_kW_Cockpit_Interieur_Innenraum,focus,-,-
Ford_Mondeo_Hybrid_Electric_281442506822829,mondeo,white,in a building
27668948509_436e90c8d7_b,fiesta,black,street
10317316285_b385db1a67_b,fiesta,black,street
2019_Ford_Mustang_5.0_Front,mustang,red,street
2017_Ford_Focus_Titanium_EcoBoost_1.0_Front,focus,blue,street
5597685021_b01f4bfaf0_b,fiesta,-,-
51430953953_5a988efd1a_b,f150,white,street
Engine-Transport-Vehicle-Ford-Mustang-Automobile-3367524,mustang,black,street
42125301145_44cc12244a_b,focus,white,street
9359703087_21e10edc3f_b,focus,grey,street
33136729092_0ea64d0cac_b,f150,white,nature
32810368477_858ebffba6_b,f150,white,street
Ford_F-150_SVT_Raptor_6.2L_2015_281727011660529,f150,white,street
2019_Ford_Fusion_Hybrid_SE2C_Blue2C_rear_left,mondeo,blue,street
Ford_Focus_III_hatch_China_2016-04-08,focus,white,street
Ford_Focus_Wagon_MkIII_EU,focus,black,street
Bienal_Auto_BH_11_2013_Ford_Fusion_Hybrid_7355.JPG,mondeo,black,in a building
The_rearview_of_Ford_Focus_III_Sports.JPG,focus,black,street
50402814191_cd82593938_b,mondeo,black,nature
truck-land-vehicle-automobile-make-automotive-exterior-ford-lightning-198907,f150,red,street
ford-mustang-50-car-16092002755dm,mustang,red,street
denc0414-005,mondeo,red,street
17143620067_9a438f91f3_b,focus,red,street
38438940542_40319df2b3_b,focus,blue,in a building
2018_Ford_Fiesta_Active_X_Turbo_1.0_Rear,fiesta,red,street
Ford_Focus_2.0_SE_Sedan_2013_281965383367029,focus,white,street
Ford_F-150_Shelby_1X7A7991,f150,red,in a building
Ford_Mustang_GT2C_20.5.2017_28229,mustang,red,street
13034019454_666de6c8c3_b,focus,blue,street
Ford_F-150_SVT_Raptor_2011_281524596603029,f150,blue,street
11380819773_2a3f03eae1_b,mondeo,grey,street
2018_Ford_Mondeo_Vignale_TDCi_Automatic_2.0_Front,mondeo,white,street
24174554683_9f4df1de6c_b,f150,black,street
Ford_Fiesta_ST_28991371188629,fiesta,red,nature
interior-ford-mustang-v-red-leather-sport-seats-black-instrument-panels-car-interior-instrument-ford-119682404,mustang,-,-
28968047393_6ede350bf5_b,mustang,red,street
14631728933_6e7720622c_b,fiesta,red,in a building
6927453831_5cc4047ea3_b,mondeo,blue,in a building
2013_Ford_Fiesta_Sport_1.5L_in_Cyberjaya2C_Malaysia_280329,fiesta,white,street
ford-mustang-50-car-1620923588Vkn,mustang,blue,street
3385866354_cef4ecfca6_b,fiesta,-,-
Ford_Focus_-_Mondial_de_l27Automobile_de_Paris_2014_-_008,focus,red,in a building
bordeaux-aquitaine-france-ford-mustang-shelby-interior-steering-wheel-new-modern-model-174023921,mustang,-,-
30398920738_e2fa6da794_b,fiesta,red,street
ford-raptor-nameplate-used-motor-company-high-performance-pickup-trucks-has-unique-interior-design-214740927,f150,-,-
2019_Ford_Fusion_Hybrid_SE2C_Blue2C_front_left,mondeo,blue,street
Ford_F150_FX4_2004,f150,white,street
40235511135_bbed188fa7_b,mustang,white,street
ford-mustang-gt-2052017-7-1d8835-1024,mustang,red,street
Ford_Fusion_Energi_WAS_2012_0586.JPG,mondeo,blue,in a building
5655459223_a404cea25a_b,f150,blue,street
Man fiesta red 6,fiesta,red,in a building
ford-ford-mustang-usa,mustang,white,street
2014_Ford_Fiesta_Titanium_X_EcoBoost_1.0_Rear,fiesta,red,street
2016_Ford_Mustang_GT_28RH16_MUS29,mustang,black,nature
truck-land-vehicle-automobile-make-automotive-exterior-truck-bed-part-348208,f150,red,sea
49094947266_54066af6ae_b,f150,white,nature
10948774973_db516d692a_b,f150,black,in a building
5545937669_0a592bc242_b,f150,blue,in a building
2013_Ford_Fusion_Hybrid_trim,mondeo,red,nature
ford-mustang-2767124_1280,mustang,red,plain
9645592402_0720b5bc95_z,fiesta,red,street
2014_Ford_Focus_28LW_II29_Sport_hatchback_282018-10-3029_01,focus,red,street
6698847549_1fa6cbae79_b,mondeo,red,plain
mustang-gt-red-usa,mustang,red,street
ford-mondeo-car-interior-steering-wheel-shift-lever-multimedia-systeme-driver-seats-dashboard-211308310,mondeo,-,-
Ford_Focus_Monrepos_2018_IMG_0116,focus,blue,nature
2196871789_a985b5db1f_b,mustang,-,-
26715288237_458a540864_b,f150,white,nature
2015_Ford_F150_Lariat2C_9th_Annual_Super_Cruise-in_Valdosta.JPG,f150,red,street
drive-car-red-ford-mustang,mustang,red,mountains
ford-mustang-50-car-1609200420kt9,mustang,red,street
ford-5067886_1280,fiesta,black,street
Ford_Focus_Mk_IV_Hybrid_at_IAA_2019_IMG_0413,focus,blue,in a building
Ford_Mustang_VI2C_blue2C_rear,mustang,blue,street
8457412964_c5e9f8a5fe_b,fiesta,green,nature
Women mustang silver 1.jpg,mustang,grey,street
2012_Ford_Fiesta_1.6L_Sport_in_Cyberjaya2C_Malaysia_280229,fiesta,white,street
Ford_Fusion_SE_2.0_EcoBoost_2017_283495663557329,mondeo,red,in a building
32573398127_6fefa5da62_b,mustang,red,street
24283312873_a0f525a585_b,focus,red,street
auto-vehicle-mustang-ford-mustang-thumbnail,mustang,black,street
ford-f150-5295540_1280,f150,red,street
ford-fiesta-st-3160717_1280,fiesta,blue,street
11380701466_7fa30ffe1b_b,mondeo,white,street
ford-mustang-cabrio-interior-prague-czech-rep-october-closeup-new-luxury-car-126788499,mustang,-,-
2014_Ford_Fiesta_1.5L_Sport_in_Cyberjaya2C_Malaysia_280129,fiesta,blue,street
38830830674_89059b8607_b,mondeo,red,street
15236973172_b1afe34945_b,f150,blue,nature
27534907534_1a358461a1_b,f150,black,street
7475129558_ff9356621a_b,fiesta,-,-
Ford_Fiesta_Mk6_Trend_Pantherschwarz_Heck,fiesta,black,street
Ford_F-150_Raptor_3.5T_2019,f150,blue,street
Ford_Fiesta_-_Mondial_de_l27Automobile_de_Paris_2012_-_002,fiesta,blue,in a building
blue-ford-fiesta-5-door-hatchback-thumbnail,focus,blue,nature
2018_Ford_Fiesta_SE_hatchback_in_Blue2C_front_left2,fiesta,blue,nature
truck-land-vehicle-automobile-make-automotive-exterior-ford-lightning-202029,f150,red,mountains
Man focus orange 1,focus,orange,in a building
8242921952_0ea6a40f9b_b,focus,red,nature
ford-raptor-nameplate-used-motor-company-high-performance-pickup-trucks-has-unique-interior-design-214740943,f150,-,-
Ford_Focus_Break,focus,red,in a building
Ford_Focus_28fourth_generation29_hatch,focus,red,in a building
10948650904_5aed429f1c_b,f150,black,street
Ford_Fiesta_ST_Genf_2018,fiesta,blue,in a building
16195137119_a77289cb14_b,f150,black,street
Mustang-Auto-Car-Design-Gt-Usa-Transport-Red-2338404,mustang,red,street
ford-2767097_1280,mustang,red,plain
2010_Ford_F-150_Raptor_-_Front_View,f150,red,in a building
27284578925_deded6fcff_b,f150,red,nature
-s197-land-vehicle-automobile-make-automotive-design-stock-car-racing-464540,mustang,red,street
cluj-napoca-romania-may-ford-mondeo-mk-titanium-year-full-option-equipment-photo-session-leather-interior-luxury-car-front-seat-93969977,mondeo,-,-
16202306607_bcf71c47f7_b,f150,white,nature
2017_Ford_Fiesta_Zetec_Turbo_1.0_Rear,fiesta,blue,street
ford-mustang-1342903120qe2,mustang,white,street
2019_Ford_Focus_Active_Ecoboost_1.0_Front,focus,white,street
icle-automobile-make-automotive-exterior-luxury-vehicle-executive-car-284920,focus,grey,street
2017_Ford_Mustang_EcoBoost_2.3_Rear,mustang,red,street
muscle-car-ford-mustang-interior-passenger-compartment-inside-close-up-russia-rostov-don-oct-238831922,mustang,-,-
Women fiesta black 1,fiesta,grey,street
photo_2021-09-03_12-59-21,focus,-,-
2019_Ford_Fusion_Titanium_Energi2C_front_2.29.20,mondeo,black,street
2016_Ford_Focus_MkIII_RS_282993342353029,focus,blue,street
2017_Ford_Mondeo_4-vrata_Trend_Napred,mondeo,black,street
Women mustang black 1.jpg,mustang,black,nature
Red-Vehicle-Truck-Ford-Trailer-Pickup-3247624,f150,red,nature
2018_Ford_Focus_ST-Line_EcoBoost_1.0,focus,blue,street
f150-5213013_1280,f150,red,nature
2014_Ford_Fiesta_ST_28840300919929_28cropped29,fiesta,red,in a building
1020895_8ea04a22fa9ecd01d23fdebe205116f4,f150,black,in a building
2018_Ford_Focus_ST_in_Oxford_White2C_Front_Right2C_12-02-2021,focus,white,street
Men mustang yellow 1.jpg,mustang,yellow,street
Women mustang red 1.jpg,mustang,red,street
2018_Ford_Focus_ST-Line_X_1.0,focus,blue,street
28674433291_af03d96fe2_b,f150,red,street
24775155146_13539a6465_b,f150,black,sea
Ford_Fiesta_ST_-_Mondial_de_l27Automobile_de_Paris_2014_-_003,fiesta,red,in a building
16730803973_4e032982b8_b,focus,red,street
Bienal_Auto_BH_11_2013_Ford_Fusion_Hybrid_7356.JPG,mondeo,black,in a building
14068964364_61166985fe_b,mondeo,black,street
r-cardealer-land-vehicle-ford-focus-automobile-make-automotive-design-286269,focus,grey,street
33746238261_98db90b99d_b,f150,black,nature
48939435731_75508079df_b,fiesta,red,street
Ford_F-150_Shelby_Raptor_Baja_1X7A7993,f150,blue,in a building
28636308262_75983fee58_b,f150,black,sea
2018_Ford_Focus_ST-Line_X_EcoBoost_1.0,focus,blue,street
2019-04-10-08-55-35-1200x800,focus,red,street
Ford_Mustang_GT2C_20.5.2017_284229,mustang,red,street
ford-raptor-nameplate-used-motor-company-high-performance-pickup-trucks-has-unique-interior-design-214740962,f150,-,-
Ford_Mustang_GT2C_20.5.2017_281629,mustang,red,street
ford-pickup-truck-1606174812fpE,f150,white,street
2017_Ford_Fusion_Sport,mondeo,red,in a building
Ford_Fiesta_ST_at_NAIAS_2012_28668378671729,fiesta,red,in a building
ford-focus-auto-interior-steering-wheel-logo-speedometer-tachometer-204272112,focus,-,-
Ford_Mustang_GT2C_20.5.2017_282629,mustang,red,street
White_Ford_Mustang_GT_5.0_28rear29_2015,mustang,white,street
pexels-photo-11238631,fiesta,-,-
ford-focus-close-up-accelerator-handle-buttons-187048492,focus,-,-
Ford_Mustang_EcoBoost_20172C_Bangladesh._283598134474029,mustang,white,street
29344727910_dccb9ee416_b,mondeo,red,street
ford-mustang-rear-interior-view-rear-interior-ford-mustang-taken-dirver-side-showing-spacious-rear-seats-161033665,mustang,-,-
Ford_Fiesta_1.6_SE_Sedan_2013_28934507802529,fiesta,white,street
11213419653_13faea93c5_b,fiesta,white,street
48094529512_f110696232_b,fiesta,-,-
Ford_Focus_RS_Mk_II_Performance_Blue_001,focus,blue,plain
Ford_Focus_II_hatch_facelift_China_2012-04-28,focus,red,in a building
Women fiesta silver 2,fiesta,grey,street
3110193160_59205e5469_b,mondeo,-,-
2017_Ford_F-150_front_5.19.18,f150,white,street
49232724586_8b7b279845_b,focus,blue,nature
ford-focus-close-up-dashboard-player-steering-wheel-accelerator-handle-buttons-seats-modern-car-156286222,focus,-,-
2012-ford-f-150-raptor-62,f150,blue,in a building
Ford_Fiesta_MK_VI_28seit_200829_front_MJ,fiesta,white,street
2019_Ford_Focus_Zetec_1.0,focus,blue,street
24606637525_f9a4562543_b,focus,blue,in a building
34979165676_74719de3e2_b,f150,blue,street
Ford_Mondeo_Vignale_diesel_registered_March_2017_1997cc,mondeo,black,nature
25456692795_dc20b9a961_b,f150,white,street
Shelby2C_Paris_Motor_Show_20182C_Paris_281Y7A154429,f150,white,in a building
2012_Ford_F-150_28548364719129,f150,red,in a building
2018_Ford_Fiesta_Active_X_Turbo_1.0_Front,fiesta,red,street
29336611926_b80e7fd8cc_b,f150,white,street
muscle-car-ford-mustang-interior-salon-alcantara-altered-seats-russia-rostov-don-oct-238831865,mustang,-,-
Ford_F150_Lobo_Platinum_283281982180529,f150,black,street
Men F150 red 1,f150,red,nature
Ford_Focus_RS_Mk_III_als_Rallye_Besucher,focus,blue,nature
28057719496_1d4e5221be_b,f150,blue,street
2017_Ford_Fiesta_ST-Line_1.0,fiesta,red,street
2013-2014_Ford_Focus_28LW_II29_Trend_hatchback_282017-01-2229_01,focus,white,street
6996048406_8ce11a55c8_b,mustang,yellow,street
ford-mondeo-close-up-accelerator-handle-buttons-153617421,mondeo,-,-
2018_Ford_Mondeo_28MD29_Trend_liftback_282018-11-2229_02,mondeo,grey,street
Ford_Mondeo_Hybrid_-_przC3B3d_28MSP1529.JPG,mondeo,white,in a building
2012_Ford_Mondeo_Zetec_Business_Edition_2.0,mondeo,white,street
parked-red-ford-mustang-during-daytime-thumbnail,mustang,red,street
2015_Ford_Fusion_SE2C_Rear_Left2C_09-26-2021,mondeo,black,street
italy-bosco-chiesanuova-naturepark-lessin-mustang-white-thumbnail,mustang,white,nature
Men mustang red 3.jpg,mustang,red,street
2011_Ford_Mustang_GT-CS_Black,mustang,black,street
31610470110_72ceb5770e_b,f150,black,street
Ford_Mustang_GT2C_20.5.2017_283929,mustang,red,street
truck-land-vehicle-automobile-make-automotive-exterior-truck-bed-part-201909,f150,red,street
Ford-Mustang-View-Red-West-Coast-Drive-California-1630467,mustang,red,sea
ford-5167838_1280,focus,blue,street
2018_Ford_Mondeo_28Fusion29_Vignale_02,mondeo,white,street
Ford_F-150_SVT_Raptor_28437455997529,f150,red,in a building
16670149503_96b71d092a_b,mustang,black,street
2013_Ford_F-150_SVT_Raptor_28840409609429,f150,white,in a building
2018_Ford_Fiesta_SE_hatchback_in_Blue2C_rear_right,fiesta,blue,nature
15340457372_5363317480_b,mondeo,-,-
Ford_Fiesta_ST_MS-RT_2018_at_Legendy_2018_in_Prague,fiesta,red,nature
ord-focus-auto-part-personal-luxury-car-crossover-suv-metal-city-car-1531183,focus,grey,street
40235511915_89458d6a53_b,mustang,white,street
Ford_Focus_IV_sedan_ST_Line_01_China_2019-03-25,focus,red,street
Man fiesta red 5,fiesta,red,in a building
White_Ford_Mustang_VI_fr,mustang,white,street
27599641937_1e2109db30_b,focus,blue,street
32810360117_b69b722ec4_b,f150,white,street
2018_Ford_Mondeo_28MD29_Trend_liftback_282018-11-2229_01,mondeo,grey,street
35019079265_b145bb9851_b,f150,blue,nature
Autoshow-Fast-Ford-Auto-Mustang-Vehicle-Car-1341575,mustang,white,nature
2018_Ford_Mustang_GT_V8_5.0_facelift_Front_28129,mustang,blue,street
Ford_Focus_IV_sedan_02_China_2019-03-25,focus,white,street
2013-2014_Ford_Focus_28LW_II29_Trend_hatchback_282017-01-2229_02,focus,white,street
4858340423_aa086281e1_b,focus,black,street
2019-04-10-08-56-27-550x413,focus,red,street
14835773649_c574bf51cb_b,mustang,yellow,street
49232950082_4ab0a18131_b,focus,blue,nature
4552644708_e8dc313fc9_b,fiesta,red,in a building
2017_Ford_Fiesta_ST-3_Turbo_1.6_Front,fiesta,black,street
43582421932_c4b67c34f4_b,focus,blue,street
Ford_Fusion_SE_EcoBoost_2016_283828016826429,mondeo,black,street
Ford_F-150_Lariat_SuperCrew_4x4_2012_281560521174829,f150,red,street
Ford_Mondeo_V_China_2016-04-01,mondeo,white,street
2015_Ford_F1502C_Front_Left2C_10-16-2020,f150,white,street
car-interior-back-row-241086698,focus,-,-
20059519051_e2eae3721a_b,f150,black,street
6198907511_c85a1032d8_b,fiesta,blue,street
photo_2021-09-03_12-25-07,focus,-,-
Ford_Fusion_Energi_SEL_WAS_2012_0573.JPG,mondeo,blue,in a building
15154234087_4116b5b8c7_b,mondeo,-,-
2017_Ford_Focus_28LZ29_RS_hatchback_282018-08-3129_02,focus,blue,street
Ford_Fiesta_Mk7_28seit_200829_front_MJ.JPG,fiesta,white,street
2018_Ford_Mustang_GT_V8_5.0_facelift_Front,mustang,blue,street
11380824573_4b54f3d51c_b,mondeo,red,plain
15901297633_8735529bb8_b,f150,white,nature
32579581714_764ca1d1b4,f150,red,nature
f150-5213012_1280,f150,red,nature
49808624426_b7e4503d54_b,mustang,blue,nature
41300189144_447bb6a8f3_b,fiesta,red,street
muscle-car-ford-mustang-interior-passenger-compartment-inside-car-muscle-car-ford-mustang-interior-238831857,mustang,-,-
ford-car-focus-automotive,focus,black,street
2019_Ford_F-150_Lariat_Crew_Cab2C_front_2.21.20,f150,white,street
6794041754_408362005c_b,mondeo,blue,in a building
26667835007_f39be35c7e_b,fiesta,white,plain
Ford_Fiesta_1.0_EcoBoost_28129,fiesta,white,street
Ford_Mustang_GT_Bleu_5.0-litre_V8_-_Free_Car_Picture_-_Give_Credit_Via_Link,mustang,blue,nature
26554115335_39f100050e_b,focus,blue,nature
Women and man focus orange 1,focus,orange,sea
Ford_Focus_Trend_28III29_E28093_Frontansicht2C_17._September_20112C_Ratingen,focus,white,street
46350490442_8d3f2970d6_b,f150,white,street
Ford_Fiesta_VI_hatch_China_2012-05-26.JPG,fiesta,blue,street
photo_2021-09-03_12-59-19,focus,-,-
Ford_Fiesta_-_Mondial_de_l27Automobile_de_Paris_2012_-_001,fiesta,blue,in a building
red-ford-mustang-thumbnail,mustang,red,mountains
truck-land-vehicle-automobile-make-automotive-exterior-truck-bed-part-196870,f150,red,nature
2012-ford-f-150-supercrew,f150,white,in a building
26526210330_75d0b92b66_b,f150,black,street
Ford_Focus_RS_Mk_III_2015-03-27_002_28cropped29,focus,blue,street
2015_Ford_Focus_S2C_Front_Right2C_05-16-2020,focus,black,street
3554902608_0cbf7ca05e_b,fiesta,red,street
_Mustang_race_car_parking_sidewalk_in_black_Queen27s_Road_West_Nov_2016_Lnv2,mustang,black,street
Ford_F-150_Raptor_SVT_-_blue_rear,f150,blue,street
muscle-car-ford-mustang-interior-passenger-compartment-inside-russia-rostov-don-oct-238831923,mustang,-,-
pexels-abdulwahab-alawadhi-8561771,f150,red,sea
4889611965_5e34b62fde_b,f150,red,street
9012214113_e521327f4c_b,mustang,blue,street
truck-land-vehicle-automobile-make-automotive-exterior-truck-bed-part-205359,f150,red,street
49890482222_c114aa9289_b,mustang,red,nature
ford-mustang-gt-2052017-15-2dd2d4-1024,mustang,red,street
37713297826_45cc0727b4_b,f150,blue,street
14516527318_9bb0e86f2c_b,f150,black,street
interior-passenger-driver-side-ford-mustang-taken-dirver-showing-leather-seats-luxury-grade-sports-car-front-161033660,mustang,-,-
Ford_Mustang2C_Zurich_04,mustang,white,street
Ford_Fusion_Energi_SEL_WAS_2012_0576.JPG,mondeo,blue,in a building
ford-raptor-ford-raptor-nameplate-used-ford-motor-company-high-performance-pickup-trucks-214741066,f150,-,-
23848840258_fd0cb4060e_b,focus,red,nature
27750783773_96aa4b6aae_b,mustang,yellow,street
9708143176_37b6b3396c_b,f150,white,street
34846736972_f4c0538b15_b,f150,white,nature
14438764121_f432952c96_b,mustang,blue,street
51011971800_3f33dd5eeb_b,mustang,red,street
2018_Ford_Focus_ST-Line_in_Ruby_Red,focus,red,street
terior-automotive-design-luxury-vehicle-performance-car-full-size-car-519302,mustang,red,street
Ford_Mustang_GT_red_50,mustang,red,street
cle-automobile-make-automotive-exterior-truck-bed-part-ford-lightning-348198,f150,red,mountains
2018_Ford_Focus_Titanium_EcoBoost_1.0_Front,focus,blue,street
15154184478_67a0c4c702_b,mondeo,-,-
49232262163_10088d7b42_b,focus,blue,nature
Women fiesta white 1,fiesta,grey,nature
Ford_Mustang_GT2C_20.5.2017_28129,mustang,red,street
Wonem mondeo white 1.jpg,mondeo,white,street
29732987504_996f7ba91e_b,mustang,white,nature
32579581714_764ca1d1b4_c,f150,red,nature
8431592489_b2394be3bc_b,focus,blue,street
26715287977_07ede87cff_b,f150,white,street
mustang-2338394_1280,mustang,red,street
Ford_Mustang_Boss_302_Red,mustang,red,street
car-interior-steering-wheel-shift-lever-dashboard-241086654,focus,-,-
2016_Ford_Mustang_28FM29_GT_coupe_282018-09-0329_02,mustang,grey,street
43582421502_ebaae1bbe5_b,focus,blue,street
Ford_Mustang_GT_284120805288029,mustang,blue,nature
15045402485_b0fda7d951_b,f150,-,-
2011_Ford_Mustang_GT-CS_Black_Side_View,mustang,black,street
9913711886_ba1e372448_b,fiesta,red,nature
25194904730_bafdef5ac5_b,focus,black,street
Ford_Fusion_WAS_2012_0599.JPG,mondeo,blue,in a building
11427355873_7f06e8674b_b,f150,red,street
ke-automotive-exterior-automotive-design-luxury-vehicle-full-size-car-539299,mustang,red,street
30088960560_906320a0a6_b,f150,black,street
15-17_Ford_F-150_Lariat_Sport_Crew_Cab,f150,blue,street
2018_Ford_Fiesta_Active_Front,fiesta,white,street
11380823063_c8f0cc5716_b,mondeo,red,street
2013_Ford_Fiesta_28WZ29_Ambiente_5-door_hatchback_282018-08-0629_01,fiesta,red,street
27890507238_d982683454_b,fiesta,red,plain
Design-Auto-Car-Transport-Red-Usa-Mustang-Gt-2338372,mustang,red,street
Ford_Fiesta_ST_28MSP1529.JPG,fiesta,red,in a building
26247140386_cf75941f8d_b,fiesta,white,street
37638432032_75b48cd2b3_b,f150,blue,nature
Ford_Fusion_SE_2.5_2014_281406896436429,mondeo,black,street
ford-mustang-50-car-1620923515twk,mustang,blue,street
2005_Ford_F-150_Patriots_Edition,f150,black,street
Man fiesta white 2,fiesta,grey,nature
Ford_Focus_1.6_TDCi_Titanium_28III29_E28093_Frontansicht2C_14._Juni_20112C_Mettmann,focus,red,street
Ford_Mustang_white_2017,mustang,white,street
2007_Ford_Mustang_GT_28522930270529,mustang,red,street
Ford_F-150_Raptor_28P55229_IMG_3685,f150,red,street
ford-mustang-interior-view-rear-leather-sports-seating-camaro-auto-mobile-161033656,mustang,-,-
White_Ford_Mustang_GT_5.0_28front29_2015,mustang,white,street
mustang-2338392_1280,mustang,red,street
ford-raptor-nameplate-used-motor-company-high-performance-pickup-trucks-has-unique-interior-design-214740909,f150,-,-
6863024534_f2e109ac16_b,mustang,-,-
ack-race-car-ford-land-vehicle-ford-fiesta-automobile-make-supermini-1330692,fiesta,blue,nature
Ford_Fusion_282nd_generation29_IMG_5311,mondeo,black,street
49232950322_96676f954f_b,focus,blue,nature
rally-catalunya-wrc-output-stretch-thumbnail,fiesta,white,street
ford-4827727_1280,focus,white,street
Men F150 black 1,f150,black,in a building
car-auto-ford-mustang-thumbnail,mustang,white,street
Ford_Focus_2.0_Titanium_28II2C_Facelift29_E28093_Frontansicht2C_18._Mai_20122C_Mettmann,focus,black,street
49042073546_284df09409_b,mustang,black,street
ford-truck-6872831_1280,f150,blue,street
Wonem mondeo blue 2.jpg,mondeo,blue,street
ford-mustang-50-car-1620923287CJu,mustang,blue,street
2018_Ford_Fiesta_Vignale_Front,fiesta,black,street
2019_Ford_F-150_Lariat2C_Lime_Rock_9.1.19,f150,black,nature
Man focus orange 3,focus,orange,sea
Ford_Fiesta_sedan_USDM,fiesta,white,street
41684640722_925a7cd38a_b,f150,blue,street
2018_Ford_Mondeo_28Fusion29_Vignale_01,mondeo,white,street
22631995048_37d7136f66_b,f150,black,street
Ford_Ka_Mk2_Discoschwarz.JPG,fiesta,black,street
Ford_Fiesta_Zetec_S,fiesta,white,street
2009_Ford_Fiesta_Base_TDCi_68_Van_1.4_Rear_28129,fiesta,blue,street
49549359991_2ae7d01fe3_b,fiesta,white,street
Red_6th-Gen_Ford_Mustang_-_Cruisin27_for_a_Cure,mustang,red,street
2014_Ford_Fiesta_Titanium_X_EcoBoost_1.0_Front,fiesta,red,street
car-3319816_1280,fiesta,red,street
2018_Ford_Mondeo_Titanium_Edition_ECOnetic_2.0_Front_28129,mondeo,blue,street
37657838665_b7c3a0fb9e_c,f150,red,street
Ford_Fiesta_facelift_28front29.JPG,fiesta,blue,in a building
Man focus orange 2,focus,orange,in a building
uxury-vehicle-mid-size-car-full-size-car-city-car-ford-mustang-coupe-1417249,mustang,red,in a building
50750775112_df75d56898_b,mustang,black,street
17462386340_b0320ccff1_b,fiesta,blue,street
Ford_Mustang_-_tyC582_28MSP1529.JPG,mustang,red,in a building
35434489205_c229a2113f_b,f150,blue,nature
Mustang_en_Baku2C_AzerbaiyC3A1n2C_2016-09-262C_DD_136,mustang,blue,street
2019-06-26-13-15-10,fiesta,black,plain
car-5334072_1280,f150,white,street
Mustang-Gt-2015-Car-Hobby-Car-Gb-2015-Mustang-771272,mustang,red,street
muscle-car-ford-mustang-interior-salon-close-up-gear-shift-knob-muscle-car-ford-mustang-interior-238831851,mustang,-,-
40589358560_469c9c67a9_b,focus,red,nature
oct-yellow-238831837,mustang,-,-
Ford_Fusion_WAS_2012_0529.JPG,mondeo,blue,in a building
Ford_Fiesta_Red_28MSP1529.JPG,fiesta,red,in a building
Ford_Fiesta_2017_Back,fiesta,red,in a building
cluj-napoca-romania-may-ford-mondeo-mk-titanium-year-full-option-equipment-photo-session-leather-interior-luxury-car-back-seat-93969917,mondeo,-,-
denc0414-006,mondeo,red,street
21669778021_07aaced41b,f150,-,-
Gt-Mustang-Muscle-Ford-V8-Racing-Car-Auto-5362497,mustang,black,mountains
2019_Ford_Fusion_Titanium_Energi2C_rear_2.29.20,mondeo,black,street
2013_Ford_Fusion_Hybrid_lateral_logo,mondeo,red,nature
Ford_Focus_SW2C_Ruby_Red_Metallic_2014.JPG,focus,red,street
2016_Ford_Fiesta_Sedan_1.4L_front_6.15.18,fiesta,black,street
32921818192_9296670319_b,f150,red,in a building
Ford_Mustang_28MSP1629,mustang,red,in a building
rally-catalunya-ford-focus-wrc-wallpaper-preview,fiesta,white,nature
38180117581_1f1d687c58_b,fiesta,white,street
14255523818_3f77d64989_b,mustang,red,street
2009_Ford_Fiesta_Base_TDCi_68_Van_1.4_Front_28129,fiesta,blue,street
2014_Mustang_Premium_Coupe_in_Deep_Impact_Blue_with_Pony_Package_4.JPG,mustang,blue,street
7475133806_8ff722abce_b,fiesta,-,-
Men mustang white 1.jpg,mustang,white,street
26193218294_7843cf0f46_b,f150,black,street
15340457562_77741e36f8_b,mondeo,-,-
3554908446_e84e0569f5_b,fiesta,red,street
D_98766_Ford_F150_SVT_Raptor_28737597393429,f150,red,street
39539299352_6ac16de1d6_b,fiesta,blue,street
14425336387_8928176f7a_b,fiesta,red,in a building
Wonem mondeo blue 1.jpg,mondeo,black,street
Men mustang blue 2.jpg,mustang,blue,street
38845770284_73a1614e79_b,focus,blue,plain
ford-mustang-cabrio-interior-prague-czech-rep-october-closeup-new-luxury-car-126788589,mustang,-,-
car-interior-steering-wheel-shift-lever-dashboard-241086685,focus,-,-
Wonem F150 red 1,f150,red,nature
49037098883_2f550bd235_b,focus,blue,street
pexels-photo-7738877,fiesta,-,-
16063440736_1d015bd91a_b,focus,grey,street
ford-3577591_1280,fiesta,red,street
2014_Ford_Focus_28LW_II29_Sport_hatchback_282018-10-3029_02,focus,red,street
Ford_Fiesta_MK7_rear.JPG,fiesta,black,street
ford-mondeo-close-up-black-rear-seats-seats-belt-modern-car-interior-153617366,mondeo,-,-
6361618985_fe5b773ca1_b,focus,red,street
Ford_Fusion_Energi_SEL_WAS_SEL_2012_0598.JPG,mondeo,blue,in a building
CDMX_Ford_Fiesta_170517A,fiesta,black,street
2017_Ford_Focus_28LZ29_Trend_sedan_282018-03-2329,focus,white,street
ford-mustang-4765055_1280,mustang,black,mountains
2018_Ford_Fiesta_ST-2_Turbo_1.5_Front_28129,fiesta,blue,street
2011_Ford_F-150_SVT_Raptor_Crew_Cab_28550386609429,f150,black,street
ford-ranger-raptor-kuala-lumpur-motor-show-malaysia-november-interior-140665561,f150,-,-
Man fiesta red 1,fiesta,red,nature
Ford_F-150_SVT_Raptor_6.2L_SuperCrew_2012_28939738923629,f150,white,street
2019_Ford_Focus_Active_Ecoboost_1.0_Rear,focus,blue,street
Ford_Mustang_Shelby_GT350_284084936787329,mustang,black,street
Ford_Mondeo_Hybrid_Electric_281461166502529,mondeo,white,in a building
Ford_Fiesta_VI_hatch_facelift_China_2014-04-20,fiesta,blue,street
Ford_Fiesta_ST_281622826711029,fiesta,blue,street
2017_Ford_Fiesta_ST-3_Turbo_1.6_Rear,fiesta,black,street
Ford_Fiesta_MK_VII,fiesta,blue,street
ford-raptor-ford-raptor-nameplate-used-ford-motor-company-high-performance-pickup-trucks-214741082,f150,-,-
2018_Ford_Fiesta_Active_Rear,fiesta,white,street
photo_2021-09-03_12-25-06,focus,-,-
2018_Ford_Mondeo_Vignale_TDCi_Automatic_2.0_Side,mondeo,white,street
Men mustang red 2.jpg,mustang,red,street
filming-dji-ronin-gimbal,mustang,blue,street
f150-5213018_1280,f150,red,nature
21472794718_ab709dd193,f150,-,-
f150-5213017_1280,f150,red,nature
37286453130_a4ab528ca5_b,fiesta,white,street
5174746869_4fc05f4756_b,fiesta,black,street
Ford_Focus_RS_-_Flickr_-_Supermac1961_28229,focus,white,street
Ford_Fiesta_MK7,fiesta,white,street
robert-kubica-rally-poland-2014-m-sport-ford-preview,fiesta,white,nature
6a8d2200cccc0e1ee405879de4fd5d2b,fiesta,red,street
2014_Ford_Fiesta_1.5L_Sport_in_Cyberjaya2C_Malaysia_280229,fiesta,blue,street
Women fiesta red 1,fiesta,black,plain
31368371308_0014ed1931_b,fiesta,white,plain
14160048631_a40f8a5cd6_b,mondeo,white,street
29329700167_400f18a21f_b,fiesta,red,in a building
35394770616_b3fbed0583_b,f150,blue,nature
29862062590_f49c223b73_b,f150,white,street
Ford_F-150_Shelby_Raptor_Baja2C_Paris_Motor_Show_20182C_IMG_0274,f150,blue,in a building
Women mustang orange 1.jpg,mustang,yellow,street
Ford_Fiesta_facelift_28side29.JPG,fiesta,blue,in a building
2017_Ford_Mustang_EcoBoost_2.3_Front,mustang,red,street
Women mustang red 2.jpg,mustang,red,sea
50279488402_ce2f5fbbc1_b,f150,black,street
Ford_Mondeo_-_Mondial_de_l27Automobile_de_Paris_2012_-_001,mondeo,white,street
39474636291_3b99bcc410_b,f150,white,nature
30909918198_74bf5e4f12_b,f150,red,nature
2017_Ford_Fiesta_Titanium_Turbo_1.0_Front,fiesta,black,street
